Price,Close,High,Low,Open,Volume
Ticker,AAPL,AAPL,AAPL,AAPL,AAPL
Date,,,,,
2020-01-02,72.46826934814453,72.5285891982157,71.22326675908423,71.47660718407792,135480400
2020-01-03,71.76373291015625,72.52376157647284,71.5393448267866,71.69617497011174,146322800
2020-01-06,72.3355484008789,72.37415398165305,70.6345318765685,70.88546446996966,118387200
2020-01-07,71.99534606933594,72.6009522080095,71.77578098551396,72.34519669570282,108872000
2020-01-08,73.15349578857422,73.45509501348069,71.69858142215591,71.69858142215591,132079200
2020-01-09,74.70734405517578,74.90036463569696,73.87975745537804,74.13068273740295,170108400
2020-01-10,74.87622833251953,75.44082857328132,74.37437045138542,74.94137847897954,140644800
2020-01-13,76.47591400146484,76.50245856347271,75.07408132346671,75.19231323252647,121532000
2020-01-14,75.44324493408203,76.62310479558539,75.32019744072484,76.4131928848304,161954400
2020-01-15,75.11991119384766,76.12363416339696,74.68801909995545,75.24296601736016,121923600
2020-01-16,76.06092834472656,76.17192218872837,75.30089958102596,75.66281874119426,108829200
2020-01-17,76.9029769897461,76.90538477645106,76.00300228022495,76.30942443229468,137816400
2020-01-21,76.38178253173828,76.97291234277846,76.24425157658565,76.53137450544429,110843200
2020-01-22,76.65447998046875,77.20700458892972,76.56037746579443,76.86679969961068,101832400
2020-01-23,77.02362823486328,77.10324719984139,76.15984382890906,76.70755279875391,104472000
2020-01-24,76.80164337158203,78.01286327957854,76.61103058846822,77.26972598534742,146537600
2020-01-27,74.54326629638672,75.22366854186772,73.56125746709372,74.81108286986905,161940000
2020-01-28,76.65204620361328,76.82335250031947,75.32500962430629,75.42393505290065,162234000
2020-01-29,78.25654602050781,79.1034389225781,77.54236118317645,78.28309057876027,216229200
2020-01-30,78.14314270019531,78.196224452265,76.90779359376785,77.33968569636842,126743200
2020-01-31,74.67839050292969,77.85603612229534,74.38402933624978,77.43379716634335,199588400
2020-02-03,74.47330474853516,75.63868107737575,72.91946473457213,73.42132267544993,173788400
2020-02-04,76.93193054199219,77.12254331082424,75.67245190422207,76.07779948888638,136616400
2020-02-05,77.55928039550781,78.3579147679031,76.95608178413589,78.0587232496429,118826800
2020-02-06,78.46647644042969,78.46889159082244,77.27214775489887,77.8295026141326,105425600
2020-02-07,77.39991760253906,78.21495789684333,76.90895819607671,77.96585056017996,117684000
2020-02-10,77.76750946044922,77.76750946044922,75.90525344548281,75.9850613598187,109348800
2020-02-11,77.2983169555664,78.33586413946524,77.08065162389036,78.26331148915241,94323200
2020-02-12,79.13398742675781,79.13882181030785,77.7481726332658,77.7481726332658,113730400
2020-02-13,78.57048034667969,78.89698211544386,78.20286785946678,78.40602271140597,94747600
2020-02-14,78.58981323242188,78.83892050632156,78.08192253766144,78.53901899642953,80113600
2020-02-18,77.15078735351562,77.33217635199567,76.08905353965851,76.27044253813855,152531200
2020-02-19,78.26812744140625,78.49788974785425,77.39262455702266,77.39262455702266,93984000
2020-02-20,77.46520233154297,78.517260139207,76.95973247404322,78.02872169520079,100566000
2020-02-21,75.71177673339844,77.50148770003717,75.09505699539346,77.05889434201991,129554000
2020-02-24,72.11542510986328,73.56653705998549,69.95085421270655,71.89292541072396,222195200
2020-02-25,69.67273712158203,73.16750228692123,69.20113004030677,72.78537928554614,230673600
2020-02-26,70.7779769897461,72.0428654399997,69.29058886204834,69.29784412586203,198054800
2020-02-27,66.1513671875,69.16968329754985,66.015930635838,67.98460978013814,320605600
2020-02-28,66.1126708984375,67.33402814341571,62.00360705177279,62.218858912688944,426510000
2020-03-02,72.26779174804688,72.90386365568166,67.16713422063305,68.26997869246647,341397200
2020-03-03,69.97262573242188,73.52301148955354,69.12130192834442,73.4432035732901,319475600
2020-03-04,73.21829223632812,73.37791548587623,70.89409742046385,71.69462716996614,219178400
2020-03-05,70.84329986572266,72.44677262458974,70.4781009386349,71.47210923904862,187572800
2020-03-06,69.9024887084961,70.3354058888164,68.01604591388242,68.20226931131931,226176800
2020-03-09,64.37376403808594,67.25663636962582,63.60708978441408,63.788478823723246,286744800
2020-03-10,69.01006317138672,69.27610190295883,65.14768563149643,67.02688078666671,285290000
2020-03-11,66.61329650878906,68.01362169576068,65.74988307252373,67.08733175658426,255598800
2020-03-12,60.03491973876953,65.30003870789042,59.97929481317342,61.8996002456348,418474000
2020-03-13,67.22760009765625,67.69921444547847,61.17646208174082,64.06417921518192,370732000
2020-03-16,58.5789680480957,62.65900596438449,58.044473563602175,58.51608417323279,322423600
2020-03-17,61.154693603515625,62.30348685183075,57.6575122464136,59.860783996429895,324056000
2020-03-18,59.657630920410156,60.46299850331859,57.34794363950967,57.98885363786599,300233600
2020-03-19,59.20053482055664,61.149861434253346,58.67571640074359,59.83176871542281,271857200
2020-03-20,55.44215393066406,60.90558973701077,55.142256121470716,59.78097572031221,401693200
2020-03-23,54.264339447021484,55.26318952393012,51.420160868327166,55.16161211294488,336752800
2020-03-24,59.70842361450195,59.904323146252956,56.66592497733461,57.16413951249609,287531200
2020-03-25,59.37950897216797,62.45828415286656,59.08444921259577,60.644394003218935,303602000
2020-03-26,62.504241943359375,62.56228407124869,59.582668850990856,59.62136606316325,252087200
2020-03-27,59.91641616821289,61.882670430565696,59.74953769675213,61.12809336695391,204216800
2020-03-30,61.62629699707031,61.79801351148467,60.317877015002196,60.64196144429352,167976400
2020-03-31,61.500545501708984,63.483731229594824,60.94670602705082,61.8173747321562,197002000
2020-04-01,58.26456069946289,60.15342405049904,57.83406447537594,59.61651236600977,176218400
2020-04-02,59.23680114746094,59.290008876006624,57.29473012664799,58.12670149259704,165934000
2020-04-03,58.385498046875,59.423041606914005,57.795378517377415,58.721672212892855,129880000
2020-04-06,63.47890090942383,63.63368236649505,60.31305880719071,60.68067122588063,201820400
2020-04-07,62.743656158447266,65.71118461799709,62.63966158048192,65.49351193571505,202887200
2020-04-08,64.34955596923828,64.66396058058191,63.17899331030437,63.54418476916798,168895200
2020-04-09,64.81391143798828,65.31696770263731,64.01822371729881,64.98563166236876,161834800
2020-04-13,66.08609008789062,66.19492649138382,64.29154415618481,64.89134005540326,131022800
2020-04-14,69.42361450195312,69.71383985781922,67.24694647516952,67.71856083326759,194994800
2020-04-15,68.78997039794922,69.2494877739681,67.87093564591146,68.29901107744294,131154400
2020-04-16,69.33656311035156,69.70176205876241,68.28692612469368,69.5034416112321,157125200
2020-04-17,68.395751953125,69.39944379426973,66.95915028721262,68.85285583806908,215250000
2020-04-20,66.97607421875,68.12487124671051,66.95672930580358,67.22276798842614,130015200
2020-04-21,64.90582275390625,67.05346978399236,64.19477725392538,66.81887303902265,180991600
2020-04-22,66.77535247802734,67.21068321571147,65.83213095921919,66.17313585465308,116862400
2020-04-23,66.51655578613281,68.14180153410112,66.47785858014103,66.71971058203668,124814400
2020-04-24,68.43685150146484,68.44652764676574,66.99299496104605,67.04136830681426,126161200
2020-04-27,68.48524475097656,68.81658086164907,67.70648089449013,68.1539012595656,117087600
2020-04-28,67.3751220703125,69.12854894429597,67.2832245167364,68.94715995733218,112004800
2020-04-29,69.58809661865234,70.05729021048596,68.65938558409466,68.86254043095987,137280800
2020-04-30,71.05609893798828,71.23265351601944,69.73801025784547,70.12738834900439,183064000
2020-05-01,69.91215515136719,72.31374359365245,69.13339146359068,69.23013078154854,240616800
2020-05-04,70.90133666992188,71.02951794095532,69.24706979478302,69.93634950460861,133568000
2020-05-05,71.9654769897461,72.79744841928256,71.21573435047652,71.36084701948627,147751200
2020-05-06,72.70796203613281,73.33919216211522,72.28230018886588,72.6668439519477,142333600
2020-05-07,73.46013641357422,73.80599044082199,73.0320609589904,73.33437600959047,115215200
2020-05-08,75.2086181640625,75.26196994409985,73.79237965846578,74.11976524502593,133838400
2020-05-11,76.39202880859375,76.88673708897407,74.50774723825187,74.71630682370795,145946400
2020-05-12,75.51899719238281,77.52695196972876,75.39774386669593,77.07588574980144,162301200
2020-05-13,74.60718536376953,76.61999543008798,73.53045501521297,75.69846552238357,200622400
2020-05-14,75.06550598144531,75.12613264028523,73.12302546398516,73.84569790161457,158929200
2020-05-15,74.6217269897461,74.66780385011373,72.80292692486488,72.8368814117532,166348400
2020-05-18,76.37991333007812,76.7533757455592,75.2546860142826,75.9458316362108,135178400
2020-05-19,75.93855285644531,77.24323270759544,75.90702580080492,76.39688667871405,101729600
2020-05-20,77.41541290283203,77.48573451404336,76.75821444789756,76.79701640617802,111504800
2020-05-21,76.83826446533203,77.81799379794089,76.6006051884002,77.27720108647698,102688800
2020-05-22,77.33296203613281,77.41541342276373,76.47448628011443,76.57633494565745,81803200
2020-05-26,76.80914306640625,78.63036319231934,76.75336386600556,78.4509106181763,125522000
2020-05-27,77.143798828125,77.28930432080578,75.92641792081989,76.66606775831522,112945200
2020-05-28,77.17776489257812,78.43637538186252,76.54239845998111,76.81885227689466,133560800
2020-05-29,77.10257720947266,77.88102160812149,76.74609208099886,77.42026037966232,153532400
2020-06-01,78.05078887939453,78.17204223872224,76.92555415248881,77.05650985276371,80791200
2020-06-02,78.41212463378906,78.43637678676062,77.34266907399055,77.78403309563147,87642800
2020-06-03,78.84378051757812,79.10569190926654,78.15990981793529,78.73222950297175,104491200
2020-06-04,78.16476440429688,78.965033585586,77.79130199936047,78.6667550692759,87560400
2020-06-05,80.39098358154297,80.45161026599361,78.38545552417453,78.41455514859591,137250400
2020-06-08,80.86627960205078,80.90023409134206,79.37729235859877,80.08783519139197,95654400
2020-06-09,83.41985321044922,83.8127127665815,80.5146285221196,80.54615556810563,147712400
2020-06-10,85.56607055664062,86.03410675203712,83.92915018975505,84.36808676274399,166651600
2020-06-11,81.45800018310547,85.13440269433788,81.35615151209016,84.71001596343379,201662400
2020-06-12,82.16128540039062,84.34384618919259,81.05060772196103,83.59692864222997,200146000
2020-06-15,83.1773681640625,83.82971175950732,80.6528726048748,80.81535534530535,138808800
2020-06-16,85.38174438476562,85.653358069437,83.59689886122223,85.23139143477016,165428800
2020-06-17,85.26294708251953,86.18689720512403,85.14169370789197,86.12627051781024,114406400
2020-06-18,85.2968978881836,85.71400977487889,84.68820360566706,85.21929395560811,96820400
2020-06-19,84.80943298339844,86.46817771918761,83.7011757246082,86.00256905688693,264476000
2020-06-22,87.02837371826172,87.17145177573371,85.15622179560962,85.2022986582704,135445200
2020-06-23,88.88599395751953,90.30465984817053,87.85291289035612,88.27245220934594,212155600
2020-06-24,87.31695556640625,89.43404157028371,86.94349320290961,88.51493917080266,192623200
2020-06-25,88.47615051269531,88.51495247583935,86.71312932901027,87.47217654394532,137522400
2020-06-26,85.75765991210938,88.59256430342103,85.60972695188423,88.37188228126114,205256800
2020-06-29,87.73407745361328,87.82865862307958,85.1877569926391,85.66549550848868,130646000
2020-06-30,88.4664306640625,88.75259416052774,87.30240160297599,87.32179888035039,140223200
2020-07-01,88.29911041259766,89.08725718249154,88.25061351334215,88.54404454624031,110737200
2020-07-02,88.29911041259766,89.84145686297828,88.18513936902451,89.20609049720933,114041600
2020-07-06,90.66114044189453,91.12917664404557,89.69596101404703,89.72748807234947,118655600
2020-07-07,90.37982177734375,91.81788471884249,90.2682707685785,91.03944029125856,112424400
2020-07-08,92.48477172851562,92.51629878115334,91.26981088874352,91.35711714225694,117092000
2020-07-09,92.88249969482422,93.4305598406817,91.83486890517743,93.37720806711494,125642800
2020-07-10,93.04497528076172,93.10318192525366,91.86639619002682,92.47751045180962,90257200
2020-07-13,92.61572265625,96.95901797723327,92.40231560385234,94.34964385590663,191649200
2020-07-14,94.14836120605469,94.33993613472713,91.0636762626478,91.99732096254738,170989200
2020-07-15,94.7958755493164,96.27274058885732,93.59789175816579,96.02295896280789,153198000
2020-07-16,93.6294174194336,94.48546583387535,93.0304255327924,93.66821938221526,110577600
2020-07-17,93.44024658203125,94.23566818195913,92.9673556043315,94.0804677579499,92186800
2020-07-20,95.40940856933594,95.54763916358735,93.18319885433614,93.527561622358,90318000
2020-07-21,94.09259033203125,96.2751504170526,93.84280875166303,96.19997393951473,103433200
2020-07-22,94.35691833496094,95.03836147832928,93.70700224247064,93.79430109039494,89001600
2020-07-23,90.06214141845703,94.1677781639269,89.25216991066098,94.09017424204148,197004400
2020-07-24,89.83903503417969,90.18339782375423,86.47304066581674,88.26032136137546,185438800
2020-07-27,91.96821594238281,92.0603696498546,90.67808623992391,90.90118820470421,121214000
2020-07-28,90.45744323730469,91.7160538347521,90.4525883659493,91.5390212468066,103625600
2020-07-29,92.19136810302734,92.37567560352629,90.90365783673222,90.94003236953627,90329200
2020-07-30,93.306884765625,93.41116087548794,90.95699413710133,91.3644036366013,158130000
2020-07-31,103.07504272460938,103.2253956841153,97.80294239807122,99.80120250061277,374336800
2020-08-03,105.67227935791016,108.29134838170961,104.6586032735747,104.95688173530395,308151200
2020-08-04,106.37800598144531,107.46928629631358,105.13879270885472,105.86146544829273,173071600
2020-08-05,106.76356506347656,107.08367565483033,105.63348305512756,106.09909913352544,121776800
2020-08-06,110.48847198486328,110.98318771588607,106.50651618913851,107.09580568303383,202428800
2020-08-07,107.97643280029297,110.46660808616394,107.17957700537667,110.009872310896,198045600
2020-08-10,109.54586029052734,110.56379606115887,106.8953408360196,109.42195650024055,212403600
2020-08-11,106.28797912597656,109.30777067354109,106.02802731765381,108.80973853697522,187902400
2020-08-12,109.82036590576172,110.07788585431382,107.18442302937045,107.37877518954045,165598000
2020-08-13,111.76394653320312,112.76730632002796,110.71199498653695,111.20031474091456,210082000
2020-08-14,111.66433715820312,111.75422524008118,109.85440163162504,111.58902512127496,165565200
2020-08-17,111.3727798461914,112.81101111968458,110.74598779263943,112.78671524478968,119561600
2020-08-18,112.30083465576172,112.72598654466942,110.78972307405309,111.12498689269856,105633600
2020-08-19,112.44172668457031,113.85566202116895,112.34698241491274,112.70896646857587,145538000
2020-08-20,114.9367904663086,115.05097442556867,112.46604709851567,112.48305495531345,126907200
2020-08-21,120.85975646972656,121.34321254794537,115.88426180533297,115.89640603696287,338054800
2020-08-24,122.3052749633789,125.15015404891105,120.43946714581988,125.06511476676067,345937600
2020-08-25,121.30192565917969,121.64690937129124,119.57945373903362,121.17802927154358,211495600
2020-08-26,122.9515151977539,123.40825105618539,121.55215553176157,122.61868313885017,163022400
2020-08-27,121.48170471191406,123.88684852967005,120.33743327624663,123.5540164773564,155552400
2020-08-28,121.28490447998047,122.87375249170243,121.06139279549139,122.45588862300937,187630000
2020-08-31,125.39791870117188,127.3026054289081,122.44372735910245,123.97913460853533,225702700
2020-09-01,130.39288330078125,130.99539444262734,126.84590719277946,129.01296330050218,151948100
2020-09-02,127.69135284423828,134.08564032180732,123.41554463079883,133.7066482975621,200119000
2020-09-03,117.46822357177734,125.20355591237713,117.09895153889019,123.32803625418858,257599600
2020-09-04,117.5459976196289,120.20866118452791,107.76021579822826,116.68111776737273,332607200
2020-09-08,109.6357421875,115.6315969151868,109.49969417268505,110.73384613966655,231366600
2020-09-09,114.00872802734375,115.77735955442189,112.00687240165654,113.95042385620658,176940500
2020-09-10,110.28682708740234,117.09897712734502,109.32477117698187,116.9629291163385,182274400
2020-09-11,108.8388900756836,111.97772918558881,106.89533846718923,111.33635359603639,180860300
2020-09-14,112.10404968261719,112.65796155648654,109.6163061668615,111.48211380367826,140150100
2020-09-15,112.27896118164062,115.4761040079777,110.40343385233226,114.9902161756601,184642000
2020-09-16,108.96522521972656,112.72600049138936,108.87776895050861,111.97773633652149,154679000
2020-09-17,107.22573852539062,109.03324211177724,105.64174663584149,106.62324227263575,178011000
2020-09-18,103.82450866699219,107.7504832499777,103.09567691699868,107.28403508185545,287104900
2020-09-21,106.97307586669922,107.07997179185173,100.19007789948417,101.58943734580029,195713800
2020-09-22,108.65424346923828,109.67461096517128,106.07904368113599,109.49969103484163,183055400
2020-09-23,104.09660339355469,108.94576148953016,103.75647600736349,108.46959352854554,150718700
2020-09-24,105.16556549072266,107.13826893890365,102.03644660847966,102.2016466950428,167743300
2020-09-25,109.11100006103516,109.26648776833821,104.63111243771796,105.36966421928354,149981400
2020-09-28,111.71533966064453,112.06517952480382,109.59686822281799,111.76393141391246,137672400
2020-09-29,110.86991119384766,112.05547900292312,110.3645909774535,111.31693464158258,99382200
2020-09-30,112.54136657714844,113.95044610525908,110.41318236044499,110.5783824869629,142675200
2020-10-01,113.49370574951172,114.39745761315729,112.56080179575848,114.3197137634958,116120400
2020-10-02,109.8301010131836,112.1137801442832,109.05268479784137,109.70377282438155,144712000
2020-10-05,113.21186828613281,113.35763612296132,110.34513295609943,110.6949727988638,106243800
2020-10-06,109.96613311767578,112.84258807364455,109.08181374151268,112.43443667707562,161498200
2020-10-07,111.83196258544922,112.28869840481383,110.90877111263151,111.3849466001731,96849000
2020-10-08,111.72505187988281,113.11469140834828,111.35577237395906,112.96892357253944,83477200
2020-10-09,113.66861724853516,113.69776933647424,111.67647388000671,112.02631376339767,100506900
2020-10-12,120.8888931274414,121.64687695311153,115.91339909808642,116.67138292375654,240226800
2020-10-13,117.68203735351562,121.85095605169045,116.27296553538521,121.73434029707663,262330500
2020-10-14,117.7695083618164,119.5575722262898,116.2438206939987,117.58486859235376,150712000
2020-10-15,117.30304718017578,117.77921521072741,114.81530369020432,115.36921555833267,112559200
2020-10-16,115.6607437133789,118.11934252939484,115.45667170048786,117.85695893134891,115393800
2020-10-19,112.70654296875,117.02122180628177,112.39557505781023,116.5742058976846,120639300
2020-10-20,114.19337463378906,115.62188622477068,112.36643141199016,112.92034331318091,124423700
2020-10-21,113.57142639160156,115.35949008406753,113.16327497131253,113.37706680716391,89946000
2020-10-22,112.48304748535156,114.70841493004065,111.35578401227829,114.13506335968486,101988000
2020-10-23,111.79308319091797,113.2604666496336,111.05453154484074,113.10497897085499,82572600
2020-10-26,111.80279541015625,113.26045893616059,109.69403654118432,110.79214780910604,111850700
2020-10-27,113.30904388427734,113.96985164953288,111.30718833691205,112.23037227607989,92276800
2020-10-28,108.06146240234375,112.17207716189112,107.96428630838615,111.80280503922792,143937800
2020-10-29,112.06517791748047,113.62973745029149,109.0332349429399,109.19844245324492,146129200
2020-10-30,105.78751373291016,108.82916930496091,104.67968991872881,107.92541751822762,190272600
2020-11-02,105.70004272460938,107.55613792475565,104.29097088393719,106.03045032760409,122866900
2020-11-03,107.32291412353516,108.34327419283329,105.6611785129121,106.56493023946784,107624400
2020-11-04,111.70563507080078,112.32757104438583,109.17901925135381,110.91849897605819,138235500
2020-11-05,115.67046356201172,116.24381509607197,113.57143184766637,114.62094399780884,126387100
2020-11-06,115.53905487060547,116.03551019200556,113.04701195376393,115.1788748490344,114457900
2020-11-09,113.23196411132812,118.7514365224502,112.9691352746871,117.30099476626944,154515300
2020-11-10,112.89126586914062,114.46825386220857,111.10010975217423,112.48241768033425,138023400
2020-11-11,116.31780242919922,116.45408514437595,113.34877764644807,114.07886680354521,112295000
2020-11-12,116.04524230957031,117.33019898779234,115.42223346115063,116.44436129860394,103162300
2020-11-13,116.09394073486328,116.49305237557208,114.74084242970805,116.26916247213495,81581900
2020-11-16,117.10630798339844,117.77798498184063,115.01338417236556,115.7629391328116,91183000
2020-11-17,116.22047424316406,117.46649204968942,115.80188944001708,116.3762301824057,74271000
2020-11-18,114.89656829833984,116.63904872341847,114.86736591902952,115.4611723878438,76322100
2020-11-19,115.49038696289062,115.89923517011198,113.70896736833065,114.46825901798518,74113000
2020-11-20,114.2248764038086,115.61691333251069,114.1762082504216,115.49036722148352,73604300
2020-11-23,110.82754516601562,114.49746457209459,110.73020141936897,114.06914317462709,127959300
2020-11-24,112.11250305175781,112.77445093316165,109.6009942581799,110.88595846342133,113874200
2020-11-25,112.94966888427734,113.6505557267342,112.11249931432629,112.48241594054053,76499200
2020-11-27,113.49478912353516,114.37089759423498,113.1346165605287,113.47532334723114,46691300
2020-11-30,115.88949584960938,117.75852242774822,113.7089574149293,113.86471334319992,169410200
2020-12-01,119.46208190917969,120.19217122258144,116.82402674797702,117.79747916584601,127728200
2020-12-02,119.81251525878906,120.0948173273605,117.68065226704212,118.78065073270163,89004200
2020-12-03,119.67621612548828,120.49391241051909,118.96559275000595,120.24081275840679,78967600
2020-12-04,119.00453186035156,119.5983382985472,118.2939084840868,119.34523864615622,78260400
2020-12-07,120.46471405029297,121.2629445857138,119.00453569816821,119.06294045566084,86712000
2020-12-08,121.0779800415039,121.66205729371858,119.82222583220359,121.0682508669909,82225500
2020-12-09,118.54702758789062,122.60632215950014,117.78773593298261,121.2240215863675,115089200
2020-12-10,119.96826171875,120.58154143292921,116.96029761781081,117.30100444410381,81312200
2020-12-11,119.1603012084961,119.50100803270227,117.34967931202699,119.17976698694284,86939800
2020-12-14,118.54702758789062,120.07534750085607,118.31340110026942,119.34525822854418,79184500
2020-12-15,124.4850845336914,124.50455773983639,120.83463820097641,121.0390623043862,157243700
2020-12-16,124.41693115234375,124.96206204213269,123.2001158255996,124.0275561892667,98208600
2020-12-17,125.28328704833984,126.13992968199645,124.6408050730974,125.47797450497976,94359800
2020-12-18,123.29747772216797,125.67270382324948,122.77181256405065,125.53642108894336,192541500
2020-12-21,124.82577514648438,124.90365310723669,120.17267468087437,121.70099438309586,121251600
2020-12-22,128.37892150878906,130.84175516574334,126.20811172127088,128.1160851725901,168904800
2020-12-23,127.48330688476562,128.91426795602177,127.30807776451475,128.65144655619818,88223700
2020-12-24,128.4665069580078,129.91695629713385,127.61960817236115,127.83376887622417,54930100
2020-12-28,133.06121826171875,133.69395641508856,129.96563173528466,130.43289960768968,124486200
2020-12-29,131.28955078125,135.10548328882498,130.77362207829398,134.3851378526945,121047300
2020-12-30,130.17005920410156,132.37980036355688,129.8585472989338,131.9806813052001,96452100
2020-12-31,129.16738891601562,131.16296911492586,128.2231389904879,130.5204870277971,99116600
2021-01-04,125.97449493408203,130.0629925718764,123.39484425523048,129.97538540944026,143301900
2021-01-05,127.531982421875,128.242613306386,125.0204736671036,125.46826826756664,97664900
2021-01-06,123.23905944824219,127.57092663069263,123.02489875437408,124.32932869572905,155088000
2021-01-07,127.44435119628906,128.13550874486347,124.46559005229668,124.95231611775166,109578200
2021-01-08,128.54437255859375,129.1089766459298,126.77268233415623,128.9142743130051,105158200
2021-01-11,125.55587005615234,126.71428063801753,125.08861712398671,125.76030156918269,100384500
2021-01-12,125.38066101074219,126.24703297603195,123.49216114503781,125.08862234580894,91951100
2021-01-13,127.41519165039062,127.9603226503501,125.07891169236268,125.34173316138947,88636800
2021-01-14,125.48775482177734,127.52226681135943,125.34172804679318,127.32757929841898,90221800
2021-01-15,123.76473236083984,126.76296740977297,123.62844962469308,125.36119363586094,111598500
2021-01-19,124.4364013671875,125.29304408982054,123.57002946950722,124.38772578454656,90757300
2021-01-20,128.52491760253906,128.97271223666024,125.13730745125214,125.24438780808299,104319500
2021-01-21,133.23641967773438,135.96208925479198,130.0434971272025,130.2479286583061,120150900
2021-01-22,135.37802124023438,136.13731286135894,131.43553637442392,132.66208095000118,114459400
2021-01-25,139.1258087158203,141.23819854253642,132.9151779412319,139.2718354812106,157611700
2021-01-26,139.3594207763672,140.46915569228537,137.6169330170498,139.787742121757,98390600
2021-01-27,138.2886199951172,140.46915831522645,136.68242977361535,139.62224478331817,140843800
2021-01-28,133.45062255859375,138.2205495392783,133.07097661259942,135.81612026341134,142621100
2021-01-29,128.45672607421875,133.10982521476853,126.7531851588464,132.2239803738874,177523800
2021-02-01,130.57891845703125,131.7860049108473,127.45412937962104,130.19927257414088,106239800
2021-02-02,131.4063262939453,132.69127555683025,131.0364096809211,132.12667146199954,83305400
2021-02-03,130.38421630859375,132.165635975879,130.0629752354402,132.15589194554707,89880900
2021-02-04,133.74258422851562,133.75231340224198,131.01691536139694,132.68152499802775,84183100
2021-02-05,133.32827758789062,133.97171978594034,132.45086722756864,133.90348403057772,75693800
2021-02-08,133.47451782226562,133.52326614630692,131.53444758226135,132.61659492201852,71297200
2021-02-09,132.5970916748047,134.4201778248724,132.44111786524098,133.19178552172198,76774200
2021-02-10,131.99266052246094,133.5525177010359,131.02749721967888,133.0553056014661,73046600
2021-02-11,131.73916625976562,132.9675435248031,130.41329236021338,132.4898338171174,64280000
2021-02-12,131.97312927246094,132.12911793128706,130.33529298247856,130.97873504321333,60145100
2021-02-16,129.8478546142578,132.5970843838598,129.4578829220419,132.0901434978276,80576300
2021-02-17,127.55679321289062,128.90216926300226,126.22117575067011,127.95650854312615,97918500
2021-02-18,126.4552001953125,126.73791669485071,124.21291100168493,125.95798807847142,96856700
2021-02-19,126.61116027832031,127.43009341839543,125.56801758188449,126.9718859638425,87668800
2021-02-22,122.8382797241211,126.46493488700048,122.44831544375612,124.79783740249141,103916400
2021-02-23,122.70178985595703,123.53045927947294,115.41923371769597,120.65448673963841,158273000
2021-02-24,122.20457458496094,122.40930413496974,119.16286991288813,121.80486663626253,111039900
2021-02-25,117.95398712158203,123.28672920715788,117.51528197921584,121.5513960656033,148199500
2021-02-26,118.21720123291016,121.71711309193381,118.15870176681696,119.51382163045578,164560400
2021-03-01,124.58336639404297,124.71985277897572,119.70883139515851,120.64474122239031,116307900
2021-03-02,121.98033905029297,125.49000197240176,121.8730987094052,125.187783250599,102260900
2021-03-03,118.99713897705078,122.55555080343935,118.78265825970878,121.67813306792647,112966300
2021-03-04,117.11557006835938,120.49849839926789,115.64346591859298,118.69492201638303,178155000
2021-03-05,118.3731918334961,118.88014757741405,114.61980182519049,117.94423786319923,153766600
2021-03-08,113.44017028808594,117.96373782106434,113.29393276187487,117.89549463389245,154376600
2021-03-09,118.05146789550781,118.99712873808402,115.80918658429786,116.04316214765258,129525800
2021-03-10,116.96934509277344,119.10438636423861,116.4526381350717,118.6364351696504,111943300
2021-03-11,118.89964294433594,120.1182765520443,118.21721109919896,119.46509072342045,103026500
2021-03-12,117.99298095703125,118.12946732804168,116.16990981369923,117.37879228748427,88105100
2021-03-15,120.87872314453125,120.88847429766527,117.39830527073745,118.36346860634158,92403800
2021-03-16,122.41907501220703,124.02767309341856,121.59040552732543,122.54581024798175,115227900
2021-03-17,121.62938690185547,122.7017830040472,119.27010655149442,120.93720389555035,111932600
2021-03-18,117.50553131103516,120.08903616814248,117.3008017478915,119.79656111339463,121229700
2021-03-19,116.97908020019531,118.38294855656439,116.67686143267959,116.89134214689703,185549500
2021-03-22,120.29377746582031,120.76173611147584,117.24232114898952,117.31056434336112,111912300
2021-03-23,119.46509552001953,121.1224343178664,119.07513126230569,120.23527288356823,95467100
2021-03-24,117.0765609741211,119.816054302137,117.05706610966415,119.73805996841114,88530500
2021-03-25,117.56402587890625,118.60718345893137,116.0139273940255,116.5403780411406,98844700
2021-03-26,118.16846466064453,118.43169368935105,115.93592696323272,117.33004413015976,94071200
2021-03-29,118.34396362304688,119.50410536738507,117.70052885181629,118.59744153314395,80819200
2021-03-30,116.89134216308594,117.37879562712054,115.87743806534003,117.09607172542653,85671900
2021-03-31,119.08489227294922,120.42051011090868,118.10998526692909,118.59743876993915,118323800
2021-04-01,119.9135513305664,121.06394179532072,119.41634671803331,120.55699346889742,75089100
2021-04-05,122.74076843261719,122.9942462849466,119.98178038496441,120.7617088053863,88651200
2021-04-06,123.04301452636719,123.9399272027551,122.49706897342678,123.32573845569713,80171300
2021-04-07,124.69060516357422,124.71010003062226,121.99985979599343,122.67254799737614,83466700
2021-04-08,127.08888244628906,127.11812846744388,125.29505706125592,125.71425994840894,88844600
2021-04-09,129.66265869140625,129.701648434337,126.22123743651113,126.54295860032754,106686700
2021-04-12,127.94676971435547,129.5163702074258,127.35207599025064,129.19464918855957,91420000
2021-04-13,131.0566864013672,131.28092562881977,128.6194199143145,129.11663179824546,91266500
2021-04-14,128.71697998046875,131.6124551846021,128.35626912284386,131.55396314021985,87222800
2021-04-15,131.125,131.6124535315985,130.2865793306145,130.4620703374586,89347100
2021-04-16,130.7935028076172,131.29069993150603,129.93558004398386,130.92998916765907,84922400
2021-04-19,131.4564666748047,132.07066289352065,129.99410605950115,130.1598384774607,94264200
2021-04-20,129.76986694335938,132.12914001786334,128.5024849113631,131.63194282012853,94812300
2021-04-21,130.15008544921875,130.3938122009963,128.00529300875627,129.03869205614907,68847100
2021-04-22,128.62918090820312,130.78371619258036,128.11248159334917,129.7015692570402,84566500
2021-04-23,130.94949340820312,131.72940697661994,128.84369107132306,128.84369107132306,78657500
2021-04-26,131.33946228027344,131.67092706494682,130.2085666757299,131.44670263718533,66905100
2021-04-27,131.01776123046875,132.01217061234453,130.744788439507,131.6221988567553,66015800
2021-04-28,130.2281036376953,131.6319723651053,129.7406500448948,130.9397817179312,107760100
2021-04-29,130.13055419921875,133.63048088194913,129.12640139531834,133.04553085743174,151101000
2021-04-30,128.16128540039062,130.2085812488916,127.78107225167611,128.4732479162047,109839500
2021-05-03,129.2141876220703,130.70580925324722,128.5220118733627,128.7267340451597,75135100
2021-05-04,124.64186096191406,128.19052935599137,123.52071640184118,127.89805427494618,137564700
2021-05-05,124.88558197021484,127.17660429874773,124.75883931076572,125.9579706529646,84000900
2021-05-06,126.48442077636719,126.49416448959799,123.9399058507591,124.68083714349731,78128300
2021-05-07,127.15827941894531,128.18365868536526,126.44537767413243,127.78327916566757,78973300
2021-05-10,123.87699890136719,126.50394796231055,123.83793549239249,126.3770049216638,88071200
2021-05-11,122.95904541015625,123.31060121990447,119.89263087268371,120.60552510907532,126142800
2021-05-12,119.89263153076172,121.71880695136791,119.38482206893003,120.50787096501224,112172300
2021-05-13,122.04106140136719,123.1934058703671,121.34770266713772,121.66020248327753,105861300
2021-05-14,124.46293640136719,124.892626453878,122.90043727939631,123.29106392253492,81918000
2021-05-17,123.31059265136719,123.95512773405065,122.23637496414497,123.84770522027007,74244600
2021-05-18,121.92385864257812,124.0137023451616,121.85549954765558,123.59378006189955,63342900
2021-05-19,121.76763153076172,121.99223682754793,119.9805196188087,120.27349147179841,92612000
2021-05-20,124.32621765136719,124.72661200774762,122.16801458440843,122.29497252696002,76857100
2021-05-21,122.49028778076172,125.00005419589023,122.27544274551913,124.8242725716539,79295400
2021-05-24,124.12113952636719,124.94145621305331,122.98833046928489,123.05668957229345,63092900
2021-05-25,123.92582702636719,125.31255193436976,123.35941878581565,124.8242630592938,72009500
2021-05-26,123.87699890136719,124.40434374665045,123.45707656811848,123.98442141340175,56575900
2021-05-27,122.34378814697266,124.64847698408089,122.14847856440403,123.4766045875031,94625600
2021-05-28,121.68950653076172,122.85161879427051,121.63091513952054,122.62700604353964,71311100
2021-06-01,121.36723327636719,122.4121552577231,121.03520547415292,122.1484865589402,67637100
2021-06-02,122.12895202636719,122.30473364370846,121.14262887683675,121.36723416808287,59278900
2021-06-03,120.64457702636719,121.92387199310579,120.24418267613345,121.7578580944845,76229200
2021-06-04,122.93951416015625,123.20319033966574,120.94732476737572,121.16216981717328,75169300
2021-06-07,122.94927215576172,123.35942679081123,121.90435013756394,123.21294086384106,71057600
2021-06-08,123.76959228515625,125.44928928445928,123.25201508828968,123.6328740614777,74403800
2021-06-09,124.15045928955078,124.75593106971219,123.55475522616524,124.22858612258803,56877900
2021-06-10,123.15434265136719,125.1855951846905,122.98832875360279,124.04301097808155,71186400
2021-06-11,124.36527252197266,124.45316704928787,123.14456900791603,123.56449131477483,53522400
2021-06-14,127.42193603515625,127.4805274309543,124.09186008030994,124.82428233012304,96906500
2021-06-15,126.60160827636719,127.53911517627388,126.35746756194183,126.89458011391095,62746300
2021-06-16,127.09967803955078,127.82234007827095,125.44929896252637,127.31452310778732,91815000
2021-06-17,128.70120239257812,129.44339964312107,126.61135863661735,126.75785199451342,96721700
2021-06-18,127.40238189697266,128.4277608552948,127.18753690160719,127.64652258250933,108953300
2021-06-21,129.19924926757812,129.30667176152045,126.1816740756951,127.24612385129173,79663300
2021-06-22,130.83985900878906,130.93752123375742,128.53517057047182,129.0332270561817,74783600
2021-06-23,130.56646728515625,131.17194646480604,130.10748149302736,130.63483384623305,60214200
2021-06-24,130.28323364257812,131.4844015936428,129.81447281680693,131.2988522960872,68711000
2021-06-25,129.9903106689453,130.75202867042742,129.69733876810528,130.33211370345364,70783700
2021-06-28,131.6211395263672,132.08012525724726,130.22466180559726,130.28325319231956,62111300
2021-06-29,133.1348419189453,133.2910955826677,131.2012512591816,131.64070164987749,64556100
2021-06-30,133.75006103515625,134.1895113589195,132.68559615169934,132.9785680012639,63261400
2021-07-01,134.0527801513672,134.11137153536558,132.5781607819675,133.39848486144226,52485800
2021-07-02,136.67974853515625,136.7188044942125,134.52153799341264,134.66801646633246,78852600
2021-07-06,138.6914825439453,139.79498860999516,136.78718765891608,136.78718765891608,108181800
2021-07-07,141.18170166015625,141.4941940308165,139.31646299700128,140.17582819219206,104911600
2021-07-08,139.88291931152344,140.68369339366396,137.37314471380554,138.2618208095776,105575500
2021-07-09,141.70901489257812,142.23635219741325,139.30666407881637,139.404326309902,99890800
2021-07-12,141.11334228515625,142.89069395646402,140.62506082396192,142.78327143895456,76299700
2021-07-13,142.22659301757812,144.00394430895057,140.2637073275934,140.65432645258116,100827100
2021-07-14,145.6543731689453,146.06454276359946,144.2188242911646,144.62899388581874,127050800
2021-07-15,145.00006103515625,146.48444087501676,143.64263914576114,145.74225840567044,106820300
2021-07-16,142.95904541015625,146.25005768557594,142.46100368486307,144.98053780920102,93251400
2021-07-19,139.11138916015625,140.69343127095988,138.34967125172668,140.38092397459488,121434600
2021-07-20,142.72467041015625,143.6524171415738,139.6094470898314,140.097728569033,96350000
2021-07-21,141.99224853515625,142.7051502253578,141.24030578420624,142.11920648842988,74993500
2021-07-22,143.35943603515625,144.72661812834664,142.39263340422124,142.5195913490058,77338200
2021-07-23,145.0782012939453,145.23445495496276,143.47663852143975,144.09187799846512,71447400
2021-07-26,145.49807739257812,146.31838645811138,144.23830320514284,144.7949510789314,72434100
2021-07-27,143.33013916015625,145.71295498966768,142.13873124540055,145.62505300491213,104818600
2021-07-28,141.58209228515625,143.5254579196167,139.19927630353345,141.4160783718357,118931200
2021-07-29,142.22659301757812,143.11526866326435,141.19143892531264,141.29886141985892,56699500
2021-07-30,142.44146728515625,142.90045304700064,140.73248218501953,140.99615834422465,70440600
2021-08-02,142.10946655273438,143.50594463384482,141.84579034327976,142.92977598084835,62880000
2021-08-03,143.90631103515625,144.57036666149511,141.77739614243097,142.3926355441965,64786600
2021-08-04,143.50595092773438,144.32626039182554,142.85165540986375,143.81845828615255,56368300
2021-08-05,143.61331176757812,144.37502949999453,142.74417153950483,143.53518496153995,46397700
2021-08-06,142.9287109375,143.8773972975789,142.42992307824377,143.13410295218878,54126800
2021-08-09,142.87982177734375,143.47641826359128,142.3223546901742,142.9874052395685,48908700
2021-08-10,142.40060424804688,144.46423988872255,142.10719343722454,143.22214257955443,69023100
2021-08-11,142.65489196777344,143.49599503680233,142.33214155394316,142.84071932029642,48493500
2021-08-12,145.6183319091797,145.7748196952717,142.63534877709864,142.97766394373784,72282600
2021-08-13,145.82371520996094,146.1562405427538,145.01195165744014,145.69656702598306,59375000
2021-08-16,147.79930114746094,147.8677701385214,143.25148569982673,145.27599198977236,103296000
2021-08-17,146.8897705078125,148.3470201251538,145.81393562216064,146.92888499297402,92229700
2021-08-18,143.1438751220703,147.40806875624398,142.9384831112802,146.50828669516952,86326000
2021-08-19,143.4764404296875,144.74787747327346,141.32478577627037,141.8431384679369,86960300
2021-08-20,144.93368530273438,145.23687099584217,143.55466496618592,144.2001657522503,60549600
2021-08-23,146.4202880859375,146.88973641640624,144.6402734925246,145.05104264712142,60131800
2021-08-24,146.33224487304688,147.54500248159704,145.8725714606484,146.1659822444016,48606400
2021-08-25,145.0999298095703,147.01686722827083,144.55223766808206,146.51806444524348,58991300
2021-08-26,144.2979736328125,145.84325676235127,144.2686340417797,145.09018736118287,48597200
2021-08-27,145.3346710205078,145.48136895257556,143.60356080464544,144.23927174159581,55802400
2021-08-30,149.75534057617188,150.11722035437248,145.344448563989,145.7258781178275,90956700
2021-08-31,148.49368286132812,149.44236923362013,147.96554048732443,149.3054461965621,86453100
2021-09-01,149.15875244140625,151.57447805860386,148.99248979823196,149.47172795102404,80313700
2021-09-02,150.27369689941406,151.32019193818465,149.05116433458483,150.48886382470346,71115500
2021-09-03,150.909423828125,151.23217421828528,149.72600573087058,150.38128139931968,57808700
2021-09-07,153.24691772460938,153.80438486222874,150.99745462583329,151.5647115758547,82278300
2021-09-08,151.7016143798828,153.58919740809037,150.59644021764143,153.53051823549217,74420200
2021-09-09,150.6844482421875,152.6796143882617,150.5670749934843,152.07324314334025,57305700
2021-09-10,145.69656372070312,152.0635088889551,145.4324924690074,151.5940604931036,140893200
2021-09-13,146.26377868652344,148.09268237347644,145.48135496921765,147.32004846636258,102404300
2021-09-14,144.86520385742188,147.7503924466826,143.6818007748944,147.04621254489265,109296300
2021-09-15,145.75523376464844,146.15622806180076,143.15368066284816,145.2955602871313,83281300
2021-09-16,145.52047729492188,145.69652972947753,143.98498428450677,145.1781771600229,68034100
2021-09-17,142.85047912597656,145.54984051172312,142.55706833315722,145.54984051172312,129868800
2021-09-20,139.799072265625,141.65731614069242,138.16577024578245,140.64017542374413,123478900
2021-09-21,140.2782440185547,141.42254742441006,139.6425331695155,140.76725695581268,75834000
2021-09-22,142.64511108398438,143.21235308306478,140.54234603803783,141.27586560496235,76404300
2021-09-23,143.6035614013672,143.8480679048245,142.43970805715156,143.42750895866175,64838200
2021-09-24,143.69155883789062,144.22947605037112,142.36144305952544,142.45925161579112,53477900
2021-09-27,142.1756591796875,142.75270596031078,140.65973055901063,142.27346776582567,74150700
2021-09-28,138.7916717529297,141.5692619814985,138.57650484135823,140.10222299723426,108972300
2021-09-29,139.69143676757812,141.27583390106034,138.909013087078,139.33934685752757,74602000
2021-09-30,138.39071655273438,141.20743697257745,138.17554958046878,140.5032568676167,89056700
2021-10-01,139.515380859375,139.77945201617703,136.05317593342988,138.78186147541723,94639600
2021-10-04,136.08253479003906,139.08508172360442,135.23165695964403,138.64495809209728,98322000
2021-10-05,138.00924682617188,139.11442096062234,136.2977013587978,136.42484951189164,80861100
2021-10-06,138.8797149658203,139.02641292068202,135.32947522321794,136.40530997052016,83221100
2021-10-07,140.141357421875,141.05092948182715,139.58389028870607,139.91641559084152,61732700
2021-10-08,139.75990295410156,141.01177498221017,139.42737771114903,140.86507705840515,58773200
2021-10-11,139.67189025878906,141.62794225299882,138.69386426168418,139.14376278668908,64452200
2021-10-12,138.40048217773438,140.1022531380476,137.94080866989395,140.08268843547052,73035900
2021-10-13,137.8136444091797,138.29286758829517,136.1412134172162,138.13639477336537,78762700
2021-10-14,140.6010284423828,140.7184017237602,138.40046969110713,138.98729132751163,69907100
2021-10-15,141.65731811523438,141.7159973023287,140.35654141515744,140.6108377905611,67940300
2021-10-18,143.3297119140625,143.61333288501362,140.0142044027078,140.2978253736589,85589200
2021-10-19,145.4911651611328,145.89215946553824,143.32973571996214,143.77961939322623,76378900
2021-10-20,145.98019409179688,146.45943233131632,144.86524475312603,145.43250177434402,58418800
2021-10-21,146.19532775878906,146.35181550626882,144.62070524306984,145.54005210514717,61421000
2021-10-22,145.42269897460938,146.879948270264,145.37379468633046,146.40072504621372,58883400
2021-10-25,145.37376403808594,146.08771874126032,144.37617347678713,145.4128785063667,50720600
2021-10-26,146.03884887695312,147.52543764586656,145.7356482824783,146.04862376445527,60893400
2021-10-27,145.5791778564453,146.43983059903536,145.22708789518356,146.07796575011088,56094900
2021-10-28,149.21742248535156,149.8042290860398,146.4300426307357,146.52785119259605,100077900
2021-10-29,146.50833129882812,146.6452543732099,143.1928229973374,143.985021850796,124953200
2021-11-01,145.686767578125,146.4104973070888,144.55225377378474,145.71610716586716,74588300
2021-11-02,146.72348022460938,148.23942366972244,145.38357431484795,145.39336412691904,69122000
2021-11-03,148.16114807128906,148.63059632188478,146.52784661894307,147.08531361837095,54511500
2021-11-04,147.64285278320312,149.08053767533235,147.32987721246982,148.24922429712814,60394600
2021-11-05,148.1717071533203,149.07280247570614,146.9767728258522,148.76917431705436,65463900
2021-11-08,147.34896850585938,148.45575560494797,147.07472275577462,148.29903947767883,55020900
2021-11-09,147.7113800048828,148.3186363926463,146.97678987957883,147.1139127718246,56787900
2021-11-10,144.8807373046875,147.0453357776248,144.8121833419343,146.93759531163658,65187100
2021-11-11,144.83177185058594,146.35971678839883,144.64567331029048,145.89938743250096,41000000
2021-11-12,146.9082489013672,147.30981351364665,144.44981083290466,145.38028875154347,63804000
2021-11-15,146.9180145263672,148.7593917575851,146.3597188974358,147.28040751304476,59222800
2021-11-16,147.8974609375,148.3773984758072,146.27156473370576,146.85924274203003,59256200
2021-11-17,150.33627319335938,151.8152421071384,147.88764025614748,147.89742940759933,88807000
2021-11-18,154.6262969970703,155.4098626732955,149.9053395784081,150.5517823821893,137827700
2021-11-19,157.2512664794922,157.71161083201548,153.31385912302107,154.41084228889372,117305600
2021-11-22,157.71160888671875,162.29544415495414,157.69201563177705,158.35803684704905,117467900
2021-11-23,158.09359741210938,158.4755836899061,155.79187564508103,157.8095475198677,96041900
2021-11-24,158.6126708984375,158.80855857074818,156.35992530368637,157.44711907207267,69463600
2021-11-26,153.58811950683594,157.15333007992606,153.14736836762043,156.29142105853995,76959800
2021-11-29,156.94760131835938,157.87807895924246,155.52738208486963,156.0954667892113,88748200
2021-11-30,161.90362548828125,162.11910639926788,156.63416221186944,156.70273111321544,174048100
2021-12-01,161.38453674316406,166.800912709941,161.14946255292463,164.0388470193993,152052500
2021-12-02,160.3953094482422,160.82627140546424,154.55777460571244,155.47846334245494,136739200
2021-12-03,158.51475524902344,161.57066041655554,156.43831855392804,160.64997170977935,118023100
2021-12-06,161.92327880859375,164.43067767179699,160.90463867961986,160.91442783547066,107497000
2021-12-07,167.662841796875,168.05463216133037,164.881197462976,165.60599842826275,120405400
2021-12-08,171.4827117919922,172.3446356103418,167.19270089919112,168.59332710400926,116998900
2021-12-09,170.973388671875,173.11839407886248,170.3465390733042,171.31620335113058,108923700
2021-12-10,175.76290893554688,175.93921831838114,171.1007161505561,171.61003610118843,115402700
2021-12-13,172.129150390625,178.38785718223016,171.9234585953343,177.39859965742585,153237000
2021-12-14,170.74813842773438,174.08807860568035,168.67170169318734,171.64923389641092,139380400
2021-12-15,175.6160125732422,175.81190028087914,168.76962734356553,171.5121000863054,131063300
2021-12-16,168.72064208984375,177.41819331105674,167.24167279418768,175.5964093375668,150185800
2021-12-17,167.62367248535156,169.90580094866743,166.20346789014454,166.43852716670187,195432700
2021-12-20,166.26220703125,167.07515510943043,164.01926542394992,164.82240940360504,107499100
2021-12-21,169.43565368652344,169.6413305368034,165.64515876193008,168.03502751462352,91185900
2021-12-22,172.03121948242188,172.24670045723798,168.61292124127107,169.48463429565436,92135300
2021-12-23,172.6580352783203,173.21633086134378,171.6687927754853,172.23687751170715,68356600
2021-12-27,176.62484741210938,176.71299463822913,173.43183445537653,173.4514127643316,74919600
2021-12-28,175.60618591308594,177.60427913199814,174.86180674158715,176.4583204970068,79144300
2021-12-29,175.69436645507812,176.9186832802021,174.4798387842566,175.6453907930184,62348900
2021-12-30,174.5386199951172,176.85993507638065,174.4308795065752,175.7825301909609,59773000
2021-12-31,173.92153930664062,175.54742051646397,173.61789621276182,174.43084429030958,64062300
2022-01-03,178.2703094482422,179.12244407617163,174.05867174915193,174.17620137564992,104487900
2022-01-04,176.0077667236328,179.18120100693088,175.43968197842852,178.87757285498617,99310400
2022-01-05,171.32598876953125,176.46811917460536,171.0517430102158,175.91962765597447,94537600
2022-01-06,168.4659881591797,171.69818743268368,168.1133843303379,169.15160256379613,96904000
2022-01-07,168.6324920654297,170.5620164817169,167.5159157741246,169.3376997173353,86709100
2022-01-10,168.652099609375,168.95572780142643,164.7146923768041,165.60599864366586,106765600
2022-01-11,171.4827117919922,171.58064816981238,167.31024547595837,168.77942565072325,76138300
2022-01-12,171.92344665527344,173.5395387171234,171.22804314076478,172.5013205493631,74805200
2022-01-13,168.652099609375,172.9910714162829,168.26030924441002,172.16833406776786,84505800
2022-01-14,169.51400756835938,170.20941111487983,167.57467907053888,167.81954242119846,80440800
2022-01-18,166.31121826171875,168.99491146380436,165.92923196932753,167.98607548786666,90956700
2022-01-19,162.81454467773438,167.56489994287205,162.53050974989438,166.50708841129685,94815000
2022-01-20,161.12986755371094,166.19363965286126,160.8066461501134,163.54911855874857,91420500
2022-01-21,159.07302856445312,162.9124840575923,158.96528809380473,161.0417244969125,122848900
2022-01-24,158.29925537109375,158.9652914615593,151.5214395660685,156.73213888196668,162294600
2022-01-25,156.4970703125,159.41583739515477,153.79378418345803,155.71350456711474,115798400
2022-01-26,156.408935546875,161.01236411791442,154.5773622405594,160.14065107987773,108275300
2022-01-27,155.94857788085938,160.47364799025604,155.02788925620197,159.11220830674253,121954600
2022-01-28,166.83030700683594,166.8499002604039,159.4550237648548,162.30523687541563,179935700
2022-01-31,171.18887329101562,171.4043542462614,166.02714940989443,166.66380312140188,115541600
2022-02-01,171.0223846435547,171.2476547749565,168.76963849371157,170.43470653654342,86213900
2022-02-02,172.2270965576172,172.266283066221,169.7686736999572,171.15949584991125,84914300
2022-02-03,169.34750366210938,172.61888970067017,168.5835311300311,170.8950419808838,89418100
2022-02-04,169.06312561035156,170.7401317063237,167.38611951437943,168.3668209831939,82465400
2022-02-07,168.34718322753906,170.5929825465771,167.65087874308003,169.52402175607514,77251200
2022-02-08,171.4560089111328,171.9659777736799,168.12161553517308,168.41582891603926,74829200
2022-02-09,172.87802124023438,173.2408759269309,171.5246486789991,172.65246413479986,71285000
2022-02-10,168.79832458496094,172.09348197353535,168.23933255381579,170.7793456546729,90865900
2022-02-11,165.38548278808594,169.7397993797007,164.79705596488338,169.0042733328554,98670700
2022-02-14,165.620849609375,166.3073375649639,163.34561528306318,164.1399809862671,86185500
2022-02-15,169.4553680419922,169.61228383864895,166.96439336840055,167.670499489042,62527400
2022-02-16,169.22000122070312,169.994748612644,166.76824813134002,168.53351334854412,61177400
2022-02-17,165.620849609375,168.59237351767158,165.21875846241755,167.7293515367512,69589300
2022-02-18,164.07135009765625,167.24881311236203,162.9827709259436,166.54272185911768,82772700
2022-02-22,161.1488800048828,163.4731378050802,159.02074455035495,161.7961316314083,91162800
2022-02-23,156.98085021972656,162.94350042130728,156.66701864895236,162.34527208329274,90009200
2022-02-24,159.59934997558594,159.70722772731528,149.0666116347653,149.63542023803691,141147500
2022-02-25,161.66859436035156,161.93337290276583,157.76539291737205,160.6780765984275,91974200
2022-02-28,161.93341064453125,162.22762405787608,159.29532147992174,159.9131681515143,95056600
2022-03-01,160.05043029785156,163.38482330332894,158.84417203107242,161.52148207442062,83474400
2022-03-02,163.3455810546875,164.13014496709349,159.80524930667454,161.21746135614293,79724800
2022-03-03,163.02198791503906,165.6502754224143,162.35511815252505,165.21876441640376,76678400
2022-03-04,160.0210418701172,162.35511593567728,158.97169917829748,161.31557487047283,83737200
2022-03-07,156.22572326660156,161.83533601406552,155.97073134624392,160.2073682314536,96418800
2022-03-08,154.40162658691406,159.73664445127486,152.7932769334802,155.75499927047608,131148300
2022-03-09,159.80528259277344,160.2564117997747,156.33360638496927,158.36365040568722,91454900
2022-03-10,155.4607696533203,157.29467624132576,152.96978004521466,157.10834060556428,105342000
2022-03-11,151.74391174316406,156.2061057623046,151.51835462854714,155.86285431301891,96970100
2022-03-14,147.7132110595703,151.14566528522778,147.2032572060636,148.52719485737234,108732100
2022-03-15,152.09695434570312,152.56770172333492,147.47785980558257,147.9878136848799,92964300
2022-03-16,156.51011657714844,156.9122077008172,151.47912909347468,154.01914186419623,102300200
2022-03-17,157.5202178955078,157.8928891304827,154.58793096024448,155.54901392146604,75615400
2022-03-18,160.8153839111328,161.30573452736996,156.67682351294607,157.41234943730183,123511700
2022-03-21,162.18838500976562,163.13966646337798,159.8641127641069,160.3544634117704,95811400
2022-03-22,165.56198120117188,166.15039293346567,161.72743597716038,162.31584770945418,81532000
2022-03-23,166.9251708984375,169.30826781804822,164.41456305995604,164.74801286692667,98062700
2022-03-24,170.71070861816406,170.77934993823305,166.92520042184205,167.75878767591715,90131400
2022-03-25,171.34814453125,171.89733490405604,169.4161616355689,170.52435897204094,80546200
2022-03-28,172.21116638183594,172.33864738407132,168.68063546771577,168.84735290472764,90371900
2022-03-29,175.50633239746094,175.55535549692144,172.936884505865,173.28013598798506,100589400
2022-03-30,174.3392791748047,176.14376602591867,173.289921571538,175.1042250130881,92633200
2022-03-31,171.24026489257812,174.59426174462104,171.03431102289065,174.40792609212167,103049300
2022-04-01,170.946044921875,171.5050518578882,168.62178757896973,170.67144974905557,78751300
2022-04-04,174.99635314941406,175.0453912102986,171.0735477076942,171.20104367313095,76468400
2022-04-05,171.68157958984375,174.85905741860927,171.0539313110609,174.07449332905188,73401800
2022-04-06,168.513916015625,170.27918145157616,166.846726701127,169.03368653783352,89058800
2022-04-07,168.8179168701172,170.01437362269277,166.5721175347958,167.8568338106809,77594700
2022-04-08,166.80746459960938,168.46485203266047,165.93464112451483,168.46485203266047,76575500
2022-04-11,162.5512237548828,165.76792249086608,162.3060484551017,165.45410588858888,72246700
2022-04-12,164.42437744140625,166.59171885387798,163.4240579625581,164.77743049486364,79265200
2022-04-13,167.11146545410156,167.7391135745519,163.55153055162586,164.15956045959953,70618900
2022-04-14,162.10011291503906,167.96471752203973,161.85493758758528,167.32725269207126,75329400
2022-04-18,161.88438415527344,163.38485607115766,160.41333208367593,160.75656858845937,69023900
2022-04-19,164.1693878173828,164.58129552240263,160.7467499371193,161.8353289533827,67723800
2022-04-20,164.002685546875,165.62085178233113,162.89450317699752,165.50315744246095,67929800
2022-04-21,163.2083282470703,168.21971309344158,162.7081759108626,165.6502801659303,87227800
2022-04-22,158.6676788330078,164.6303453628702,158.38328200071132,163.2475677102336,84882400
2022-04-25,159.73663330078125,160.0210300948507,155.40193532965264,158.01058942731927,96046400
2022-04-26,153.77394104003906,159.20701874643933,153.69548315348126,159.1187592356787,95623200
2022-04-27,153.5484161376953,156.70626068843154,152.38137914765707,152.90114966122312,88063200
2022-04-28,160.4819793701172,161.34500140614668,155.86286910913438,156.17670074562366,130216800
2022-04-29,154.6075439453125,162.99254251007733,154.2152694364459,158.71668452045293,131747600
2022-05-02,154.91156005859375,155.17633859448196,150.31206927613943,153.6856836225158,123055300
2022-05-03,156.40220642089844,157.60847954190055,153.30320233396515,155.09787216899534,88966500
2022-05-04,162.8160400390625,163.26715427373458,156.18648942865437,156.58858056796436,108256500
2022-05-05,153.7445526123047,160.91347698312873,151.9596689981739,160.68791986588977,130525300
2022-05-06,154.4713134765625,156.59274408051633,151.42666686979732,153.223988771511,116124600
2022-05-09,149.34454345703125,153.047223819661,148.78473018495143,152.163286830581,131577900
2022-05-10,151.75079345703125,153.9409814618481,150.19900690567323,152.74276671948687,115366700
2022-05-11,143.88385009765625,152.67402087769284,143.20616949802272,150.7588463480562,142689800
2022-05-12,140.01422119140625,143.5892190057079,136.32137108215858,140.22047769386583,182602000
2022-05-13,144.48297119140625,145.45529757679608,140.55440153354604,142.00796811078922,113990900
2022-05-16,142.9409942626953,144.88564694988057,141.60528003698874,142.9508252776519,86643800
2022-05-17,146.5749053955078,147.0954395557584,144.06060880808,146.2016865687997,78336300
2022-05-18,138.30528259277344,144.72848648816108,137.40169851030006,144.22759932213285,109742900
2022-05-19,134.89724731445312,139.13027811714653,134.1606406090294,137.3820660685117,136095600
2022-05-20,135.13294982910156,138.18741285426975,130.24188557508393,136.60616321771064,137426100
2022-05-23,140.55438232421875,140.7016976717336,135.19187888015,135.32937819993117,117726300
2022-05-24,137.8534698486328,139.43471927603565,134.87758039617586,138.2954308094958,104132700
2022-05-25,138.0106201171875,139.25792986661668,135.8695424217508,135.95793161918118,92482700
2022-05-26,141.21240234375,141.76239957025606,134.69097882633443,134.93651437290322,90601500
2022-05-27,146.96774291992188,147.0070220098635,142.66595573580807,142.79363900414174,90978500
2022-05-31,146.18202209472656,147.96952785545992,144.21773795482548,146.40792556095022,103718400
2022-06-01,146.05438232421875,149.0302721781197,145.04276200731988,147.2231190270911,74286600
2022-06-02,148.50973510742188,148.5686612441736,144.23741035730646,145.19008953159607,72348100
2022-06-03,142.78384399414062,145.327588805216,141.88027492949882,144.27668941243508,88570300
2022-06-06,143.53024291992188,145.9168559663355,142.31238134609404,144.4043487713543,71598400
2022-06-07,146.05438232421875,146.33919698612507,141.52670589855168,141.77224146396463,67808200
2022-06-08,145.31776428222656,147.19364446593215,144.82669318974126,145.92668764129223,53950200
2022-06-09,140.09275817871094,145.30793069054988,139.98472194082933,144.45347180040457,69473000
2022-06-10,134.68116760253906,138.2463336751748,134.61241045362357,137.7749096051149,91437900
2022-06-13,129.52496337890625,132.78566882910056,129.09281826213578,130.49727490533394,122207100
2022-06-14,130.38922119140625,131.49904691232265,129.132080103246,130.75262407444748,84784300
2022-06-15,133.01153564453125,134.88743119148035,129.79994084447466,131.89189392813557,91533000
2022-06-16,127.73743438720703,130.02582791022192,126.73564497252207,129.72136617299006,108123900
2022-06-17,129.2106170654297,130.70347730890373,127.49186832675026,127.747234873443,134520300
2022-06-21,133.4436492919922,134.61240084976376,130.93919879539584,131.0374040187389,81000500
2022-06-22,132.93295288085938,135.29990419534238,131.51866571381353,132.38294065988546,73409200
2022-06-23,135.80078125,136.11505890340575,133.20792691763643,134.37667831880032,72433800
2022-06-24,139.13026428222656,139.37579982628543,137.27401616859356,137.40168446081998,89116800
2022-06-27,139.13026428222656,140.92758626309347,138.45258378281605,140.1516855515393,70207900
2022-06-28,134.98565673828125,140.85886421961922,134.86780444338007,139.59190709051958,67083400
2022-06-29,136.74368286132812,138.15797032243336,134.22940070216495,135.00530159449806,66242400
2022-06-30,134.2784881591797,135.89901685954254,131.38117155043633,134.7990223471169,98964500
2022-07-01,136.44898986816406,136.55702609474315,133.2373961064284,133.6105999003664,71051600
2022-07-05,139.03204345703125,139.08115356288656,134.4847204054961,135.3097312194843,73353800
2022-07-06,140.36776733398438,141.54633502633234,138.56062920663072,138.82581180795694,74064300
2022-07-07,143.73651123046875,143.93293666537267,140.72132760332855,140.7311436298687,66253700
2022-07-08,144.41415405273438,144.9150560673179,142.4105909532935,142.6659424799357,64547800
2022-07-11,142.28292846679688,144.02132426836204,141.2123971200697,143.0686451840122,63141600
2022-07-12,143.25526428222656,145.79900902596674,142.4597314847581,143.1570440660671,77588800
2022-07-13,142.891845703125,143.8346936356023,139.5820169555785,140.43649069061456,71185600
2022-07-14,145.8186492919922,146.29007333779407,140.69186596170863,141.5070457617974,78140700
2022-07-15,147.4883270263672,148.16600770138874,145.55350523889854,147.10529207782946,76259900
2022-07-18,144.4436798095703,148.86332029894717,144.08027695642463,148.04814036588357,81420900
2022-07-19,148.30348205566406,148.52937058051154,144.286523787425,145.27848208027842,82982400
2022-07-20,150.30702209472656,150.97488652317665,147.6847044563416,148.42131103969578,64823400
2022-07-21,152.5758056640625,152.79187815956976,149.2266969700013,151.7409787508479,65086600
2022-07-22,151.33828735351562,153.48918116011728,150.67043785379852,152.61507520531072,66675400
2022-07-25,150.21864318847656,152.27131674461305,149.56060972730697,151.25971149976874,53623900
2022-07-26,148.89276123046875,150.3561434947877,148.1070444852617,149.54096368293668,55138700
2022-07-27,153.99008178710938,154.52044701167125,149.44277321253915,149.85527117258624,78620700
2022-07-28,154.54006958007812,154.82488420275592,151.65256933071927,154.17666680263463,81378700
2022-07-29,159.60794067382812,160.70795024668809,156.6516977293032,158.3606307359644,101786900
2022-08-01,158.62579345703125,160.66865118760447,158.01687004208316,158.1347223194791,67829400
2022-08-02,157.15260314941406,159.5097539480008,156.7793992206901,157.24100735676026,59907000
2022-08-03,163.16329956054688,163.61507661089456,157.87936937014717,157.96775857743674,82507500
2022-08-04,162.84898376464844,164.20434469622828,161.49362283306857,163.04540919289056,55474100
2022-08-05,162.62278747558594,163.11454067024195,160.31154145785612,160.51808440274291,56697000
2022-08-08,162.15069580078125,165.04220702567798,161.49174831186727,163.62595540473944,60276900
2022-08-09,162.19989013671875,163.08505499075815,160.55743608300256,161.31474028979756,63135500
2022-08-10,166.44863891601562,166.54698055787682,164.14722239112217,164.91435623038078,70170500
2022-08-11,165.71102905273438,168.16979550252623,165.41597407733548,167.25512657950156,57149200
2022-08-12,169.26145935058594,169.33029699566112,166.60598003496278,167.01906593388134,68039400
2022-08-15,170.33348083496094,170.5301791193321,168.52383260735886,168.6910268994302,54091700
2022-08-16,170.1761474609375,170.84493975917735,168.82874820804471,169.930270808534,56377100
2022-08-17,171.6710662841797,173.24466771389544,169.72372757411412,169.92042587693876,79542000
2022-08-18,171.2776641845703,172.01529411647135,170.26465361199578,170.88426755707084,62290100
2022-08-19,168.69102478027344,170.87441022573427,168.48448182965225,170.1761140668042,70346300
2022-08-22,164.80618286132812,167.05840602639253,164.38326728455968,166.89121173091766,69026800
2022-08-23,164.47178649902344,165.92738691269662,163.90135093265715,164.32426652803133,54147100
2022-08-24,164.76683044433594,165.33726597260625,163.50794341888323,164.56030249873976,53841500
2022-08-25,167.2256317138672,167.33381804385021,165.57334777280303,165.99624842184198,51218200
2022-08-26,160.92132568359375,168.2287866440609,160.8623176958489,167.75670773498427,78961000
2022-08-29,158.71827697753906,160.21319598841637,157.18400930436007,158.49205968709833,73314000
2022-08-30,156.2890167236328,159.87880933569366,155.118641623387,159.45590875707995,77906200
2022-08-31,154.62689208984375,157.93147450788678,154.54820976951913,157.665923552681,87991100
2022-09-01,155.3546905517578,155.8070951296429,152.11894582091065,154.05645479166745,74229900
2022-09-02,153.2401580810547,157.71511602884905,152.41401615420267,157.11517641377614,76957800
2022-09-06,151.98126220703125,154.49903651153815,151.15512032719968,153.88926726791752,73714800
2022-09-07,153.3876495361328,154.085930606901,151.07640372248554,152.2664529516032,87449600
2022-09-08,151.91244506835938,153.78110171657892,150.16178940975541,152.08946906346367,84923800
2022-09-09,154.7744140625,155.21700399593914,152.19763181879884,152.9057577037595,68028800
2022-09-12,160.73446655273438,161.5507787814024,156.672594749297,156.95780504262976,104956000
2022-09-13,151.30264282226562,157.89213365235918,150.84039354694787,157.26269006575274,122656600
2022-09-14,152.7483673095703,154.50885206267736,151.07640953249754,152.2369398106262,87965400
2022-09-15,149.85690307617188,152.67957735931762,148.88324109971128,152.0992970318854,90481100
2022-09-16,148.2144317626953,148.85372001445614,145.92285973622464,148.71602969989698,162278800
2022-09-19,151.93206787109375,152.0107501857091,146.64081352548533,146.84734147012324,81474200
2022-09-20,154.3121795654297,155.47272515734463,150.5551921564435,150.8699064647989,107689800
2022-09-21,151.1846160888672,156.121822780707,151.06660011449515,154.74490471552286,101696800
2022-09-22,150.2207794189453,151.9222413623521,148.42096082844884,149.8667164993867,86652500
2022-09-23,147.94886779785156,148.97172290795524,146.10971554201328,148.69634230303134,96029900
2022-09-26,148.28329467773438,151.23381448556898,147.171927414505,147.19160174855077,93339400
2022-09-27,149.25692749023438,152.16811306913462,147.47678328794686,150.22077457787657,84442700
2022-09-28,147.36859130859375,148.15539940831013,142.45105944426174,145.20488028971093,146691400
2022-09-29,140.1300048828125,144.30007793360352,138.35969014393336,143.69030869298015,128138200
2022-09-30,135.92059326171875,140.739784043771,135.72389496609006,138.9497950371784,124925300
2022-10-03,140.10047912597656,140.71026327900083,135.4189942166646,135.93042173003832,114311700
2022-10-04,143.69029235839844,143.80830832520158,141.88062916042142,142.6379332973476,87830100
2022-10-05,143.9853515625,144.94919877755754,140.65126498965273,141.6937945288243,79471000
2022-10-06,143.03134155273438,145.1065408456924,142.8248135939426,143.40507882099124,68402200
2022-10-07,137.77940368652344,140.73976746295003,137.14996021039673,140.18899129011245,85925600
2022-10-10,138.10394287109375,139.54969822824856,136.28446535176798,138.10394287109375,74899000
2022-10-11,136.687744140625,139.01866500579177,135.9402845213117,137.5925684188842,77033700
2022-10-12,136.0583038330078,138.04499143111343,135.88127984271256,136.8352824760686,70433700
2022-10-13,140.63162231445312,141.22171730449597,132.15378472461572,132.76356905691682,113224000
2022-10-14,136.0976104736328,142.13633872738868,135.9107418701706,141.9297957953737,88598000
2022-10-17,140.06117248535156,140.54308109407378,137.9564690521345,138.74327729972723,85250900
2022-10-18,141.3790740966797,144.2804155723702,138.2908639653918,143.09038098743915,99136600
2022-10-19,141.48724365234375,142.55926212019432,139.16616774549112,139.35303637893844,61758300
2022-10-20,141.0249786376953,143.48374457740485,140.29717851697941,140.66108608089553,64522000
2022-10-21,144.8409881591797,145.41142365797057,140.29717849836038,140.51355110159543,86548600
2022-10-24,146.98501586914062,147.75214959476102,143.59192208164805,144.7622969983835,75981900
2022-10-25,149.8273468017578,149.97488175167828,146.89650221681083,147.61445761698823,74732300
2022-10-26,146.8866729736328,149.4831290241877,145.5982671053076,148.47011872840665,88194300
2022-10-27,142.4117431640625,146.5916457586151,141.75279561471663,145.62781359762897,109180200
2022-10-28,153.1713104248047,154.90227649289278,145.3819406077306,145.75566287950778,164762400
2022-10-31,150.8108673095703,151.6960320711127,149.41429002672785,150.63384336153183,97943200
2022-11-01,148.16522216796875,152.8860555392552,146.6703033559686,152.52216300052189,80379300
2022-11-02,142.637939453125,149.66017491618842,142.60843546015093,146.49328294195223,93604600
2022-11-03,136.58937072753906,140.44471393264007,136.4615100959827,139.71691380956625,97918500
2022-11-04,136.32337951660156,140.5496142487395,132.3828281448323,139.97823249599168,140814800
2022-11-07,136.85536193847656,137.08193945756335,133.6536636073325,135.07226465763827,83374600
2022-11-08,137.42672729492188,139.32803609159419,135.44660566800263,138.32320632796907,89908500
2022-11-09,132.8655548095703,136.49087039963513,132.58971737719733,136.44161049413725,74917800
2022-11-10,144.68722534179688,144.68722534179688,137.42676248525757,139.14090816003963,118854000
2022-11-11,147.47512817382812,147.78051849192542,142.22434180625527,143.65280366627442,93979700
2022-11-14,146.07627868652344,148.04655491917902,145.23890527483894,146.75602639191197,73374100
2022-11-15,147.81008911132812,151.3073317859871,146.35208917690562,149.9576976256643,89868300
2022-11-16,146.57867431640625,147.64262514508096,145.10096733747125,146.91363265596118,64218300
2022-11-17,148.47999572753906,149.22869517163417,143.9779079987764,144.25374542723313,80389400
2022-11-18,149.04153442382812,150.43058273283654,147.74115996689468,150.04637948055915,74829600
2022-11-21,145.8102569580078,148.13518303183807,145.52457357758468,147.92831248822412,58724100
2022-11-22,147.94801330566406,148.1844518302865,144.7463148991296,145.92849249022925,51804100
2022-11-23,148.8247833251953,149.57348268525726,147.12048400893244,147.22884977452136,58301400
2022-11-25,145.90878295898438,146.66734339247978,144.9334909730617,146.10580754336945,35195900
2022-11-28,142.07659912109375,144.46063120272478,141.24908683464577,142.9829242489195,69246000
2022-11-29,139.0719451904297,142.65784730969276,138.2641397568449,142.14557128350813,83763800
2022-11-30,145.82997131347656,146.50971891238402,138.4611435666205,139.29850181511986,111380900
2022-12-01,146.10580444335938,146.9136247638141,144.43107296360157,146.00729966926298,71250400
2022-12-02,145.6132354736328,145.80041408602733,143.48533393064037,143.79073931676461,65447400
2022-12-05,144.45079040527344,148.6770258303521,143.60357112015112,145.57384712908555,68826400
2022-12-06,140.78607177734375,145.11082689130228,139.81077976944414,144.8842493657544,64727200
2022-12-07,138.84535217285156,141.23923029830829,137.91932004741116,140.07677467327488,69721100
2022-12-08,140.5299072265625,141.38698737134578,139.00295559622268,140.24422386630843,62128300
2022-12-09,140.04722595214844,143.40655024212361,138.80594241386282,140.22454358218158,76097000
2022-12-12,142.3426055908203,142.35245156002605,138.96357418350942,140.57920002207968,70462700
2022-12-13,143.30801391601562,147.7411345402718,142.0962984876822,147.27811851695523,93886200
2022-12-14,141.08163452148438,144.4803579746899,139.0620984014011,143.18982946326526,82291200
2022-12-15,134.4713134765625,139.69254696960033,134.00829749499812,139.01279946338835,98931900
2022-12-16,132.51089477539062,135.6042272094749,131.74248840865712,134.65850323442362,160156900
2022-12-19,130.40267944335938,133.19062108581718,129.36829682919725,133.10196229580487,79592600
2022-12-20,130.333740234375,131.2696181831246,127.95955441414964,129.43726118544186,77432800
2022-12-21,133.4369354248047,134.7767236692483,130.77706590433928,131.003643429146,85928000
2022-12-22,130.2647705078125,132.56014344596582,128.36346171921937,132.35327292045574,77852100
2022-12-23,129.90029907226562,130.4519739547497,127.71329147955147,128.974266934376,63814900
2022-12-27,128.09750366210938,129.45699902617415,126.80697517918489,129.42744608626094,69007800
2022-12-28,124.16679382324219,129.08263031505834,123.99932216789122,127.7428420402377,85438400
2022-12-29,127.68372344970703,128.54078860997595,125.83166690884427,126.08779735057679,75703700
2022-12-30,127.99897766113281,128.0186846307949,125.53614008985218,126.50157867111179,77034200
2023-01-03,123.21119689941406,128.9545451464431,122.32457128587431,128.3437644584535,112117500
2023-01-04,124.48204040527344,126.7478608503369,123.22106494631889,125.00416235162118,89113600
2023-01-05,123.16195678710938,125.87108644843491,122.90582630338176,125.24059869217061,80962700
2023-01-06,127.69359588623047,128.35363661029058,123.03389687582771,124.1372542550979,87754700
2023-01-09,128.21568298339844,131.4272419402479,127.95955255827974,128.53093430540028,70790800
2023-01-10,128.78707885742188,129.30920076375085,126.21586822934367,128.32406282244906,63896200
2023-01-11,131.50608825683594,131.52578019546752,128.5211210646013,129.29937353694692,69458900
2023-01-12,131.42724609375,132.26460425926095,129.48652329837336,131.89026209256642,71379600
2023-01-13,132.75718688964844,132.914812571895,129.70326821418658,130.0677644513709,57809700
2023-01-17,133.91966247558594,135.24958975985854,132.1365650960417,132.82615869144374,63646600
2023-01-18,133.2005157470703,136.5499789381121,133.02318309021993,134.78658853017248,69672800
2023-01-19,133.25961303710938,134.22504400705918,131.78190613060963,132.08729648616435,58280400
2023-01-20,135.82098388671875,135.96876361967614,132.2252358649708,133.26947983700657,80223600
2023-01-23,139.01283264160156,141.18999437445396,135.85053284595898,136.06726442233395,81760300
2023-01-24,140.4116973876953,141.03233904710638,138.2148441781761,138.22469014521045,66435100
2023-01-25,139.75169372558594,140.31321463501226,136.74701946562928,138.79610855058309,65799300
2023-01-26,141.82044982910156,142.10613318815084,139.79105325512376,141.04218251884544,54105100
2023-01-27,143.7611541748047,145.04183634112735,140.95352042033858,141.03233324940567,70555800
2023-01-30,140.87474060058594,143.38684562469143,140.72697590646771,142.80561778514152,64015300
2023-01-31,142.1455535888672,142.19481349464007,140.16543164570373,140.57918779657314,65874500
2023-02-01,143.2686004638672,144.43107102589934,139.2196980441436,141.83030751885846,77663600
2023-02-02,148.5784912109375,148.93312639059383,145.9678670041684,146.68701339404373,118339000
2023-02-03,152.2038116455078,155.04101372137666,145.6329433931969,145.82996797468513,154357300
2023-02-06,149.4749755859375,150.82462478693864,148.53909754834626,150.30250288074524,69858300
2023-02-07,152.3515625,152.92294425687993,148.40116513275666,148.40116513275666,83322600
2023-02-08,149.6621551513672,152.28262569889247,148.9233016908853,151.5930321421785,64120100
2023-02-09,148.62777709960938,152.036361465456,148.18446797066764,151.49453251585427,56007100
2023-02-10,148.99281311035156,149.3184067990407,147.22673043469464,147.46352995054943,57450700
2023-02-13,151.7948760986328,152.19938787253557,148.90400724096855,148.93360529625505,62199000
2023-02-14,151.153564453125,151.71595766811416,148.8448255867729,150.08798919443248,61707600
2023-02-15,153.25511169433594,153.4228390365263,150.83784167870803,151.06476513520522,65573800
2023-02-16,151.65673828125,154.24173533043438,151.3015465828539,151.4593978505046,68167900
2023-02-17,150.5122528076172,150.95623873407766,148.83496427712012,150.314927401964,59144100
2023-02-21,146.4966278076172,149.27896600318738,146.42757068306315,148.1936535747809,58867200
2023-02-22,146.92088317871094,147.94698436963745,145.19425945136115,146.88140906273446,51011300
2023-02-23,147.40432739257812,148.33177339849212,145.27319184522457,148.08511286734324,48394200
2023-02-24,144.75027465820312,145.22385866894857,143.77349352201168,145.1449254913303,55469600
2023-02-27,145.944091796875,147.17739437262094,145.48036882399748,145.736905394929,44998500
2023-02-28,145.44091796875,147.08860849628215,144.86866373473268,145.08572620470352,50547000
2023-03-01,143.36895751953125,145.26330849706878,143.0729618860178,144.86865768902635,55479000
2023-03-02,143.9609375,144.75025410916558,141.97777744941413,142.45137644789077,52238100
2023-03-03,149.01255798339844,149.0914911594904,145.36198515518814,146.0624926286878,70732300
2023-03-06,151.7751922607422,154.21220003357055,151.41013941423475,151.73571813654462,87558000
2023-03-07,149.574951171875,151.9724842932115,149.1112281718285,151.64689058754286,56182000
2023-03-08,150.82798767089844,151.41997901042942,149.80188641133856,150.76879154793838,47204800
2023-03-09,148.5784149169922,152.47564779944702,148.22322319539091,151.50874285646216,53833600
2023-03-10,146.51634216308594,148.92375113671451,145.63823135434072,148.20350666672326,68572400
2023-03-13,148.4600372314453,151.09436981836478,145.72703441304543,145.83556564568843,84457100
2023-03-14,150.5517120361328,151.35088971565344,148.09498288130473,149.25921331444258,73695900
2023-03-15,150.94638061523438,151.20290214198522,147.91738213550175,149.17042182051847,77167900
2023-03-16,153.76817321777344,154.3700254849667,149.6144034630521,150.127461556798,76161100
2023-03-17,152.9295196533203,154.64628226147335,152.21913616408204,153.99509488717774,98944600
2023-03-20,155.29745483398438,155.7118577491849,152.0908681263484,152.99859207349292,73641400
2023-03-21,157.15234375,157.2707359778321,154.44893912645242,155.21853377224946,73938300
2023-03-22,155.7217254638672,159.97415053377057,155.7019884063488,157.17209056471103,75701800
2023-03-23,156.80702209472656,159.39203464017027,155.57371946683134,156.70836691747317,67622100
2023-03-24,158.10940551757812,158.19819969843707,155.74147036488569,156.73797352277555,59196500
2023-03-27,156.1656951904297,158.62243920020293,155.76116835559435,157.80352453027854,52390300
2023-03-28,155.54412841796875,156.37291926303735,153.89643783944095,155.85986113132142,45992200
2023-03-29,158.62246704101562,158.89872564622954,157.2214369560123,157.24115895998125,51305700
2023-03-30,160.1912078857422,160.2997391161816,159.11577163727372,159.37229315696538,49501700
2023-03-31,162.69728088378906,162.79595111857384,159.74723055627194,160.27014967971024,68749800
2023-04-03,163.95030212402344,164.06869434845072,162.0263532022681,162.07568831410026,56976200
2023-04-04,163.41751098632812,164.61133931497844,162.90445295696958,164.37455488216787,46278300
2023-04-05,161.572509765625,162.84528654392068,159.63869962188485,162.53942989245922,51511700
2023-04-06,162.4604949951172,162.75649064193277,159.83602334429725,160.26027222926052,45390100
2023-04-10,159.86561584472656,159.86561584472656,157.94166678976978,159.26376357061562,47716900
2023-04-11,158.65206909179688,160.1912285181147,158.3659344224378,160.18136751588224,47644200
2023-04-12,157.96141052246094,159.89522066020655,157.64567781550258,159.06644488688698,50133100
2023-04-13,163.3484649658203,163.58526449148977,159.26376724154565,159.47096870837692,68445600
2023-04-14,163.00314331054688,164.0983166124722,161.63171143290737,162.39141498863978,49386500
2023-04-17,163.0229034423828,163.18076982399003,161.83893569026216,162.88477412221818,41516200
2023-04-18,164.24627685546875,165.17372264212034,163.43722327819037,163.88122417326096,49923000
2023-04-19,165.39083862304688,165.91375779040226,163.3287449605883,163.5852815705882,47720200
2023-04-20,164.4239044189453,165.62760901810955,163.34846811386117,163.87138723669895,52456400
2023-04-21,162.81568908691406,164.226580111448,162.29276996055185,162.84528714652217,58337300
2023-04-24,163.1215362548828,163.38793383083043,161.70076925644653,162.79594256316088,41949600
2023-04-25,161.58238220214844,164.08844653165775,161.54290808705858,162.98341218856248,48714100
2023-04-26,161.572509765625,163.07221001839787,160.625341751742,160.8818632857178,45498800
2023-04-27,166.160400390625,166.3083906842776,162.98341161052969,162.98341161052969,64902300
2023-04-28,167.41343688964844,167.58117930762924,165.63749302008387,166.23934534853646,55275900
2023-05-01,167.32461547851562,168.17312821243692,166.38730857655852,167.01875886308395,52472900
2023-05-02,166.2886505126953,168.07448533412125,165.30200842691818,167.81794875664258,48425700
2023-05-03,165.21322631835938,168.63687581044152,164.92710671677185,167.23584575291258,65136000
2023-05-04,163.5753631591797,164.80866560341155,162.11513728059836,162.68739142131733,81235400
2023-05-05,171.25149536132812,171.97173995816638,168.47901810918157,168.6960805994559,113453200
2023-05-08,171.1824188232422,171.52774960942492,169.81098679048802,170.17603958076435,55962800
2023-05-09,169.47552490234375,171.22187065365208,169.3077975448434,170.73842563937583,45326900
2023-05-10,171.2415771484375,171.70530007668728,169.60374787227713,170.7087971111727,53724500
2023-05-11,171.42904663085938,172.2578222934666,169.8701504721675,171.52771685234399,49514700
2023-05-12,170.50033569335938,171.97245613352067,168.94915782664347,171.5377307421917,45533100
2023-05-15,170.00634765625,171.13267487374878,169.4135375098661,171.0832715155854,37266700
2023-05-16,170.00634765625,171.0635071571624,169.73958158279842,169.92730529834625,42110300
2023-05-17,170.618896484375,170.8560084675657,168.37611683004315,169.65065404284252,57951600
2023-05-18,172.95057678222656,173.13830046836398,170.51019901401196,170.92516002115397,65496700
2023-05-19,173.0592498779297,174.27449384636205,172.84188720705103,174.27449384636205,55809500
2023-05-22,172.1107940673828,172.61468722054929,171.3697889134683,171.89343134950482,43570900
2023-05-23,169.50242614746094,171.3006055683709,169.2257854789803,171.05360389467134,50747300
2023-05-24,169.77911376953125,170.35215962008832,168.4749524111313,169.03810854350246,45143500
2023-05-25,170.91531372070312,171.814388514026,169.63090177565675,170.3422679275043,56058300
2023-05-26,173.32603454589844,173.6619683326656,171.03386649216068,171.24135456411133,54835000
2023-05-30,175.17361450195312,176.84334846181008,174.45237373510062,174.8376957969301,55964400
2023-05-31,175.1242218017578,177.19904230758075,174.64009299685546,175.20326416230037,99625300
2023-06-01,177.93014526367188,177.95978426232014,174.8080400825605,175.56880955803746,68901800
2023-06-02,178.77981567382812,179.59986307293,177.11008187963884,178.8588580217184,61996900
2023-06-05,177.42626953125,182.73186141970515,175.90473056039738,180.43969339813148,121946500
2023-06-06,177.06069946289062,177.95977416384898,175.30203354675976,177.81157917901706,64848400
2023-06-07,175.68739318847656,179.03673595726826,175.19338974130497,176.2999526387169,61944600
2023-06-08,178.4044189453125,178.6711699623807,175.33171678380066,175.76642717021195,50214900
2023-06-09,178.78973388671875,180.0444917855316,178.4636898031236,179.32325097528164,48900000
2023-06-12,181.5857696533203,181.68457636718009,178.79959821677159,179.09600328256303,54274900
2023-06-13,181.11154174804688,181.94146392274692,180.25198057252106,180.60766365821948,54929100
2023-06-14,181.7438507080078,182.1785761189824,179.8370047903456,181.17080494588566,57462900
2023-06-15,183.77915954589844,184.28305271752754,181.5759083620863,181.75375744495216,65433200
2023-06-16,182.70223999023438,184.74742157511324,182.06004151498252,184.490530124381,101256200
2023-06-20,182.7911376953125,183.86807659469073,182.19834264439277,182.19834264439277,49799100
2023-06-21,181.7537384033203,183.1863452547994,180.40015882951445,182.6824521359612,49515700
2023-06-22,184.75730895996094,184.80671232510832,181.4672438415791,181.53641156794347,51245300
2023-06-23,184.4410858154297,185.31053654650353,182.7911164149862,183.32464848206732,53117000
2023-06-26,183.04803466796875,185.79469252512132,183.00850595123646,184.58932295318664,48088700
2023-06-27,185.8045654296875,186.13060949863421,183.4432296659109,183.66059237854205,50730800
2023-06-28,186.98028564453125,187.6224840299043,185.3500804657921,185.67610944091012,51216800
2023-06-29,187.3162078857422,187.79046201011187,186.67400948819943,186.81232983886036,46347300
2023-06-30,191.64370727539062,192.14758538728958,188.9662018357955,189.33177465497502,85213200
2023-07-03,190.15179443359375,191.55476227365418,189.46017761633829,191.4559555638213,31458200
2023-07-05,189.03533935546875,190.66554451499093,188.33384790710164,189.27246641036476,46920300
2023-07-06,189.50961303710938,189.71710113255136,186.9309142623323,187.56323811520764,45094300
2023-07-07,188.39309692382812,190.35923554430767,187.95838667039854,189.11435261810865,46815000
2023-07-10,186.3479766845703,187.71143099184326,184.79679865953796,186.9901751208951,59922200
2023-07-11,185.82432556152344,187.0296950947768,184.3620796809065,186.8913747422291,46638100
2023-07-12,187.49407958984375,189.40092573103476,186.20966756388748,187.40514750841933,60750200
2023-07-13,188.2548065185547,188.89701997543003,187.5039267878899,188.21529288043007,41342300
2023-07-14,188.40306091308594,188.88717470401284,187.35577588480646,187.9485710508826,41616200
2023-07-17,191.66343688964844,191.9894809296959,189.50957431242833,189.59849130268125,50520200
2023-07-18,191.40658569335938,191.99939590448753,190.1122989773791,191.03115329704877,48288200
2023-07-19,192.7601318359375,195.85258285437448,190.3395031262878,190.7841182449009,80507300
2023-07-20,190.8137664794922,194.11370571807572,190.1913173439326,192.7502514500073,59581200
2023-07-21,189.63803100585938,192.63169045749675,188.93653953192955,191.77212935032986,71951700
2023-07-24,190.4383087158203,192.57240699977407,189.94430532096735,191.09039681521514,45377800
2023-07-25,191.2978973388672,192.1080702594407,190.60629550166382,191.01138196195058,37283200
2023-07-26,192.16734313964844,193.2936704090035,191.00150222741644,191.34729559890386,47471900
2023-07-27,190.9026641845703,194.83492680246852,190.24070147552166,193.66908608151945,47460200
2023-07-28,193.48138427734375,194.27179277672036,191.8116502798051,192.3352927070371,48291400
2023-07-31,194.09393310546875,194.13346181996275,192.91820259976402,193.70861105598286,38824100
2023-08-01,193.2640380859375,194.37060103419574,192.93799398672795,193.8864872822275,35175100
2023-08-02,190.27037048339844,192.83917937620112,189.54912966810338,192.7008590133255,50389300
2023-08-03,188.87725830078125,190.06286344658966,188.40301925761534,189.27247006657564,61235200
2023-08-04,179.807373046875,185.13272939460776,179.7382053306166,183.2950360404776,115956800
2023-08-07,176.70501708984375,180.9336848652445,175.2230069327887,179.94567809387448,97576100
2023-08-08,177.64364624023438,178.10801069610721,175.45026968400623,177.53496487660905,67823000
2023-08-09,176.0529327392578,178.76006170176663,174.88707688488682,178.70078370635215,60378500
2023-08-10,175.8355712890625,178.58222898523437,175.47001359754938,177.3274561288203,54686900
2023-08-11,175.89492797851562,176.71608281179377,174.6681548123879,175.4299516016464,52036700
2023-08-14,177.54714965820312,177.77469387045335,175.42005736478495,176.0730260741773,43675600
2023-08-15,175.55856323242188,177.56692432110017,175.1628328578025,176.9733287591711,43622600
2023-08-16,174.68795776367188,176.63694575843348,174.61869664349865,175.24198634047178,46964900
2023-08-17,172.1453399658203,175.6179215615527,171.6308784010705,175.25187020963352,66062900
2023-08-18,172.63014221191406,173.23364091556027,170.12711031715548,170.46348268413263,61172200
2023-08-21,173.96571350097656,174.2526308376999,171.88810651020768,173.2039318191006,46311900
2023-08-22,175.34091186523438,175.78611232307705,174.3713618531986,175.17272569654475,42038900
2023-08-23,179.18943786621094,179.61486234805133,176.42918310654636,176.61716031274474,52722800
2023-08-24,174.49996948242188,179.16966018527063,174.13390304899033,178.74423570753817,54945800
2023-08-25,176.70620727539062,177.2404448053197,173.9459523611551,175.4893219988908,51449600
2023-08-28,178.2693634033203,178.66509377862053,176.6468447107556,178.17042326142217,43820700
2023-08-29,182.15744018554688,182.929124873536,177.58669009574285,177.78455525489372,53003900
2023-08-30,185.64984130859375,185.84772159478027,182.77087033679462,182.9687355268348,60813900
2023-08-31,185.86746215820312,187.1041382306799,185.4816198274361,185.83778314015515,60794500
2023-09-01,187.4405517578125,187.89564016216337,186.27312153245367,187.47023078000296,45766500
2023-09-05,187.67800903320312,187.95502334145587,185.61028969797815,186.2731464424506,45280000
2023-09-06,180.9603729248047,186.8370611072444,179.53571941437733,186.3918455631262,81755800
2023-09-07,175.6673583984375,176.3104390067485,171.69020396611324,173.31272235153685,112488800
2023-09-08,176.28077697753906,178.3188321743013,175.89493458078306,176.4489782367689,65551300
2023-09-11,177.4481964111328,178.37817933531872,175.44972343125323,178.15063513987275,58953100
2023-09-12,174.42083740234375,178.21001559327632,172.95661681425068,177.57683789873767,90370200
2023-09-13,172.35308837890625,175.41014819975618,172.12552909799857,174.6285604188278,84267900
2023-09-14,173.86679077148438,174.22295413122683,171.72981061302968,172.14533201670497,60895800
2023-09-15,173.1445770263672,174.61870067060727,171.96727382158934,174.5989096220804,109259500
2023-09-18,176.07301330566406,177.46798769380123,174.2921965438023,174.59888982853914,67257600
2023-09-19,177.1613006591797,177.71532920549458,175.24197669791334,175.62781908525017,51826900
2023-09-20,173.61947631835938,177.78459392537832,173.53042414564908,177.34928142287384,58436200
2023-09-21,172.07606506347656,174.42081339229338,172.00681904661934,172.6894667209782,63149100
2023-09-22,172.92691040039062,175.19250979208792,172.19480770645978,172.8081943086496,56725400
2023-09-25,174.2031707763672,175.08368369125543,172.29373473406022,172.3432048049037,46172700
2023-09-26,170.12709045410156,173.3325457352886,169.83028512536117,172.95660640862047,64588900
2023-09-27,168.61337280273438,171.19555331579562,167.24809254140138,170.7800319235512,66921800
2023-09-28,168.87062072753906,170.19633406818943,165.83333655703308,167.53500431517824,56294400
2023-09-29,169.3850555419922,171.22523014825262,168.52431872709803,170.18641922443499,51861100
2023-10-02,171.89797973632812,172.44212024536975,169.108031178775,169.39494849088058,52164500
2023-10-03,170.56236267089844,171.77926282963776,168.99921735596456,170.4238555507343,49594600
2023-10-04,171.80897521972656,172.35311583182798,169.14764530465982,169.26636140324675,53020300
2023-10-05,173.04562377929688,173.57986123329636,170.83938266052527,171.93755168454948,48527900
2023-10-06,175.59814453125,176.092815045354,171.33407201891083,171.94747372177912,57266700
2023-10-09,177.08216857910156,177.14152662960254,173.92616806085798,174.925397135301,42390800
2023-10-10,176.48854064941406,177.80436599291428,176.05322819338144,176.20163840129018,43698000
2023-10-11,177.88352966308594,177.9329997364432,175.7069823006886,176.30057789253502,47551100
2023-10-12,178.78379821777344,180.3964135971746,177.13158565293307,178.15062065434398,56743100
2023-10-13,176.9436492919922,179.9908063804386,176.24121051823693,179.48624788964275,51427100
2023-10-16,176.8150177001953,177.17118104988546,174.6285675347915,174.86601479996662,52517000
2023-10-17,175.26174926757812,176.51821654411026,172.93680701299223,174.7670787756051,57549400
2023-10-18,173.96571350097656,175.68717223288098,173.2434988158149,173.70849028197048,54764400
2023-10-19,173.5897674560547,175.94438862084118,173.3226411761323,174.16357191493293,59302900
2023-10-20,171.0372772216797,173.55019672394363,170.7998299466356,173.44136860989997,64244000
2023-10-23,171.15599060058594,172.15521956196545,168.11870652701532,169.08827156264798,55980100
2023-10-24,171.59130859375,171.81885280099095,169.62251453312876,171.20546620053886,43816600
2023-10-25,169.2762451171875,171.21534495437086,168.83102960610762,170.04792986204652,57157000
2023-10-26,165.1111297607422,169.55327657792432,163.90413245355498,168.55403244057868,70625300
2023-10-27,166.4269561767578,167.1590740039346,165.05177269186868,165.13092178908886,58499100
2023-10-30,168.47486877441406,169.34549366723184,167.0700063949142,167.21841659954197,51131000
2023-10-31,168.9497528076172,169.07835686158955,166.11033410734646,167.54489051547947,44846000
2023-11-01,172.1156463623047,172.37286957481675,168.30667766450742,169.1773025316942,56934900
2023-11-02,175.6772918701172,175.88504503012373,173.58978171760563,173.64913976332178,77334800
2023-11-03,174.76708984375,174.93529110628108,171.5022764668811,172.38278939451087,79829200
2023-11-06,177.31959533691406,177.51746053122469,174.3317961816863,174.49998235165765,63841300
2023-11-07,179.88197326660156,180.4953598060514,177.06234560698942,177.27009874628624,70530000
2023-11-08,180.9405975341797,181.4946261481432,179.6544510539658,180.40635996961416,49340300
2023-11-09,180.4656982421875,182.1574629246798,179.87208759448916,181.00983881988668,53763500
2023-11-10,184.6561279296875,184.82455079604722,181.81298306450438,182.24886906112522,66133400
2023-11-13,183.07107543945312,184.2895637344097,182.48659891185952,184.0815368898242,43627500
2023-11-14,185.68641662597656,186.35014665967793,184.55708244510558,185.94397876686426,60108400
2023-11-15,186.2510528564453,187.72711849110286,186.02320887124122,186.09256123667055,53790500
2023-11-16,187.93515014648438,189.1734556093977,186.88505441646575,187.79646053927942,54412900
2023-11-17,187.91534423828125,188.5988913131576,186.80582731444395,188.47010270019993,50922700
2023-11-20,189.65887451171875,190.1145776039652,188.10357060538217,188.11347160798348,46505100
2023-11-21,188.85646057128906,189.72823253932046,187.9648865974642,189.61926104331656,38134500
2023-11-22,189.5201873779297,191.12502655036587,189.0446822742513,189.69851123933077,39617700
2023-11-24,188.19271850585938,189.11401054524026,187.47945332619432,189.08429242242372,24048300
2023-11-27,188.01441955566406,188.88619158317397,187.1327465245819,188.1432081822833,40552600
2023-11-28,188.61866760253906,189.2923135830507,187.62802330816433,188.00447297715706,38415400
2023-11-29,187.5983428955078,190.29289712708973,187.202091144525,189.1140277612682,43014200
2023-11-30,188.17291259765625,188.53946132762457,186.42938378571617,188.06394110215783,48794400
2023-12-01,189.45083618164062,189.76783452208102,187.45963130874318,188.54934617033052,45704800
2023-12-04,187.65774536132812,188.27195511561732,185.6962738498395,188.20260275786183,43389500
2023-12-05,191.61044311523438,192.58127042048946,188.40074973234698,188.43048297188668,66628400
2023-12-06,190.52073669433594,192.93789631295678,190.3126947209947,192.63079897005184,41089700
2023-12-07,192.45249938964844,193.17566559760107,191.7788533108163,191.81848755335412,47477700
2023-12-08,193.8790283203125,194.15640755182167,191.8581052152776,192.38314555463674,53406400
2023-12-11,191.3726806640625,191.6797931299085,189.62915193698308,191.30334341541183,60943700
2023-12-12,192.8883819580078,192.8982829604503,189.92634969600132,191.27362671385956,52696900
2023-12-13,196.10797119140625,196.1475903161728,193.02706651664724,193.26481149731427,70404200
2023-12-14,196.2565460205078,197.7524134956911,194.32479262777906,196.1673916599279,66831600
2023-12-15,195.7216339111328,196.54385551373443,195.15695931123605,195.68199966761293,128538400
2023-12-18,194.05735778808594,194.79044018738927,192.5713909822812,194.25548367231937,55751900
2023-12-19,195.0975341796875,195.10743518311423,194.05735441052127,194.32483266340077,40714100
2023-12-20,193.0072479248047,195.8305753609382,193.0072479248047,195.05787394759355,52242800
2023-12-21,192.85861206054688,195.23616728980707,191.68965912108493,194.26534017377563,46482500
2023-12-22,191.78875732421875,193.58182122700063,191.164646529934,193.35396213687642,37149600
2023-12-26,191.24392700195312,192.07606476826226,191.0259839989623,191.79868551282587,28919300
2023-12-27,191.3429718017578,191.6897034098951,189.3022466284661,190.68915794498034,48087700
2023-12-28,191.7689666748047,192.83886456296054,191.3627987965534,192.3237251836183,34049900
2023-12-29,190.72879028320312,192.5812907184497,189.93627163544917,192.08596845310797,42672100
2024-01-02,183.90321350097656,186.6770206585062,182.16958591702465,185.39908100307179,82488700
2024-01-03,182.5261993408203,184.14095427252585,181.7138638166885,182.4964812232088,58414500
2024-01-04,180.20814514160156,181.37709839926953,179.18778251294714,180.44589014802324,71983600
2024-01-05,179.48497009277344,181.05019027633338,178.4844245514249,180.2874048658164,62379700
2024-01-08,183.823974609375,183.86360885082058,179.80196071659407,180.38643729162627,59144500
2024-01-09,183.4079132080078,183.41781421075365,181.0204564512382,182.19932576748687,42841800
2024-01-10,184.44805908203125,184.65608591378964,182.19929235625014,182.62527725276104,46792900
2024-01-11,183.85369873046875,185.3000462697353,181.90212796654464,184.79480792904317,49128400
2024-01-12,184.1805877685547,184.99292335610073,183.4574216568355,184.31927736691225,40477800
2024-01-16,181.91204833984375,182.53614407524432,179.2372961857114,180.4557997638508,65603000
2024-01-17,180.97093200683594,181.21859313457642,178.61320834965068,179.57413473456663,47317400
2024-01-18,186.8652801513672,187.37050341346043,184.09147247948349,184.34903461223058,78005800
2024-01-19,189.76785278320312,190.15420352293785,187.0534966021051,187.5587198414397,68903000
2024-01-22,192.0760498046875,193.50258021639056,190.46129453087994,190.50092877344645,60133900
2024-01-23,193.35394287109375,193.91861736509364,192.01658216578133,193.1954512748418,42355600
2024-01-24,192.68032836914062,194.542744606446,192.5218216434054,193.59171936806808,53631300
2024-01-25,192.3534393310547,194.43379881211092,191.30335858737243,193.3936190715828,54822100
2024-01-26,190.6197967529297,192.93790105900956,190.14429166563914,192.45249496932922,44594000
2024-01-29,189.9362335205078,190.40183756577807,187.80635425336052,190.213612724154,47145600
2024-01-30,186.28077697753906,190.0056098088079,185.71611749758625,189.1536549714469,55859400
2024-01-31,182.67483520507812,185.34958738130655,182.6253150741395,185.29013601531707,55467800
2024-02-01,185.11183166503906,185.2009860420896,182.10027903950464,182.2686867903897,64885400
2024-02-02,184.11126708984375,185.5774165638072,177.57300802816712,178.1773017145222,102551700
2024-02-05,185.92413330078125,187.47945226083425,184.10135123689923,186.3897373769733,69668800
2024-02-06,187.5290069580078,187.53890796123954,185.0226775811573,185.1118319583491,43490800
2024-02-07,187.63796997070312,189.26262627331204,186.8454513829838,188.85645841865113,53439000
2024-02-08,186.55819702148438,187.76676951826838,185.5972705569295,187.61817887572354,40962000
2024-02-09,187.32192993164062,188.45270503827624,186.47880163607178,187.12353611951417,45155200
2024-02-12,185.63568115234375,187.14338640307878,185.27859346494134,186.8954092628083,41781900
2024-02-13,183.54275512695312,184.70330147289806,182.02513622573113,184.26685928046126,56529500
2024-02-14,182.6599578857422,184.02879656144881,180.9638026996327,183.82050423664703,54630500
2024-02-15,182.37229919433594,182.99720639873473,179.8826142837668,182.06480997798818,65434500
2024-02-16,180.83482360839844,183.3542794985624,180.20000281806102,181.9358425720657,49752500
2024-02-20,180.09091186523438,180.95386745060242,178.54353696650966,180.31904659124555,53665600
2024-02-21,180.84478759765625,181.41016764298323,179.19821564929268,180.46785747722194,41371400
2024-02-22,182.87814331054688,183.46338075801705,180.98360980621024,181.99534545711646,52292200
2024-02-23,181.0431365966797,183.54273502175582,180.7554746671187,183.51297897874218,45119700
2024-02-26,179.69415283203125,181.28119739799624,179.18826979539264,180.7654158601022,40867400
2024-02-27,181.15223693847656,182.43179212202116,178.10707086865912,179.63461828889808,54318900
2024-02-28,179.9520263671875,181.6382676787398,178.67247114624934,181.03320292829392,48953900
2024-02-29,179.28749084472656,181.09277187641788,178.0773610649901,179.8032875873991,136682600
2024-03-01,178.20628356933594,179.06923911535185,175.94473341504965,178.0971730296413,73563100
2024-03-04,173.6831817626953,175.46860492728393,172.38376893378626,174.7246735635979,81510100
2024-03-05,168.74346923828125,170.6479317427376,168.24751498810025,169.37829007310003,95132400
2024-03-06,167.75157165527344,169.85442810491517,167.31512946505867,169.67587669286206,68587700
2024-03-07,167.63253784179688,169.34853532264208,167.12666995146384,167.78131806385875,71765100
2024-03-08,169.3485565185547,172.29452636668307,167.57304672665933,167.6325588229327,76267000
2024-03-11,171.35220336914062,172.96901916174485,170.65787040570808,171.54066841678448,60139500
2024-03-12,171.82830810546875,172.62183794587216,169.62626998762764,171.7489536078961,59825400
2024-03-13,169.74530029296875,171.78862930722158,169.3782838692582,171.3720295685671,52488700
2024-03-14,171.6001739501953,172.89957168966941,170.65786388331372,171.51090581587792,72913500
2024-03-15,171.22323608398438,171.22323608398438,168.91208752136302,169.78497182252738,121752700
2024-03-18,172.31434631347656,176.27206668827822,172.11596763998543,174.1493830977455,75604200
2024-03-19,174.6552734375,175.18098380072715,171.6299490880541,172.92934697208057,55215200
2024-03-20,177.22430419921875,177.22430419921875,173.67326966604173,174.29817691484007,53423100
2024-03-21,169.9833526611328,176.05384289670778,169.45764237357878,175.61740074055217,106181300
2024-03-22,170.88600158691406,171.64977539848843,168.68396342338923,170.37020490965267,71160100
2024-03-25,169.46755981445312,170.54873636107317,168.0788789435942,169.1898266673456,54288300
2024-03-26,168.3367919921875,170.0329469889122,168.20783904863555,168.62443878704727,57388400
2024-03-27,171.90765380859375,172.19531573949365,168.7335497446837,169.03112531152695,60273300
2024-03-28,170.09246826171875,170.83639964948821,169.13031578937776,170.36028779920613,65672700
2024-04-01,168.6542205810547,169.86435030206175,168.1086678157934,169.80483820681948,46240500
2024-04-02,167.4738311767578,167.96978543762384,166.86876637308836,167.71189467068976,49329500
2024-04-03,168.2772674560547,169.29893197888933,167.21593325359058,167.4242255584593,47691700
2024-04-04,167.45401000976562,170.52891745806397,167.45401000976562,168.91210166538218,53704400
2024-04-05,168.2078399658203,169.01128340394683,167.58293278713433,168.217753601793,42104800
2024-04-08,167.08700561523438,167.83093708737283,166.87871327881734,167.66231443659373,37425500
2024-04-09,168.297119140625,168.70380527202582,166.98780774616682,167.3349666518587,42373800
2024-04-10,166.42239379882812,167.7217914097351,165.7578169724605,167.4341446269544,49709300
2024-04-11,173.6236572265625,174.040272115757,166.7993370367697,166.97787330186227,91070300
2024-04-12,175.1214599609375,176.9168120397123,172.80039755418966,172.8499808741194,101670900
2024-04-15,171.2926788330078,175.20080068867838,171.10421379905583,173.94107267383276,73531800
2024-04-16,168.00946044921875,172.354009228837,166.9084414489389,170.36027866522625,73711200
2024-04-17,166.64064025878906,169.2691919230274,166.64064025878906,168.23761366668208,50901200
2024-04-18,165.68838500976562,167.27544462394533,165.20235954360626,166.67037984876308,43122900
2024-04-19,163.66490173339844,165.05356757276493,162.7523477339115,164.86511767231858,68149400
2024-04-22,164.4980926513672,165.9066008250168,163.4367584871004,164.18068981978783,48116400
2024-04-23,165.5495147705078,165.69831011966792,163.58554027123327,164.01206877643943,49537800
2024-04-24,167.65237426757812,167.93010742906517,164.86511388137603,165.19243035823263,48251800
2024-04-25,168.51535034179688,169.22952573993217,166.7894239404159,168.15826264272923,50558300
2024-04-26,167.9300994873047,169.95358601606148,167.81106018420974,168.50540819041237,44838400
2024-04-29,172.09613037109375,174.60565774723543,171.69937301226366,171.9671774185786,68169400
2024-04-30,168.9517822265625,173.57407962239418,168.6244505944639,171.92750782528833,65934800
2024-05-01,167.9300994873047,171.31251085120192,167.74163446478235,168.20783263565716,50383100
2024-05-02,171.62991333007812,172.01675700988142,169.50722990892024,171.1141167118999,94214900
2024-05-03,181.8961944580078,185.48689856009224,181.18201909229816,185.13972451400554,163224100
2024-05-06,180.23968505859375,182.70952732957792,178.96011472526732,180.87450583987064,78569700
2024-05-07,180.9241180419922,183.40388947971314,179.8528700999816,181.96562507289974,77305800
2024-05-08,181.26138305664062,181.58871471095884,179.98181248654907,181.37049360808004,45057100
2024-05-09,183.07656860351562,183.16583674066726,180.63646690744054,181.0828227285221,48983000
2024-05-10,181.81512451171875,183.84135574437508,180.9013327671207,183.6526350835399,50759500
2024-05-13,185.02333068847656,185.8378061410755,183.37452561798457,184.18900107058352,72044800
2024-05-14,186.16558837890625,187.02972965761612,185.03327943466695,186.2450505169401,52393600
2024-05-15,188.4401397705078,189.3638586651008,186.1059869360216,186.64235255391958,70400000
2024-05-16,188.55929565429688,189.81080512810087,188.38051724709635,189.18505039119887,52845200
2024-05-17,188.58912658691406,189.52278774440742,187.903778922122,188.23155455119007,41282900
2024-05-20,189.75120544433594,190.62527366658756,187.73490137733788,188.052749878466,44361300
2024-05-21,191.05239868164062,191.42982486744873,189.63203768676544,189.80088903544183,42309400
2024-05-22,189.6121368408203,191.51919739836646,188.98639727760482,190.97290479885322,34648500
2024-05-23,185.61927795410156,189.71147882549133,185.3709645001415,189.6916095055364,51005900
2024-05-24,188.6983642578125,189.2943226367172,186.771449342652,187.54620129756856,36327000
2024-05-28,188.7083282470703,191.69801725699202,187.82433281517635,190.21806337750198,52280100
2024-05-29,189.00628662109375,190.95307102285372,188.23154975607,188.33088121296123,53068000
2024-05-30,189.99954223632812,190.88353764935988,189.34400614498344,189.47311885305376,49889100
2024-05-31,190.95306396484375,191.2709124904654,188.62885345568,190.1485307236603,75158300
2024-06-03,192.7210235595703,193.67455382645957,191.22121585582568,191.5986419741813,50080500
2024-06-04,193.0388946533203,194.0023521144802,191.72779227719917,193.32693160548868,47471400
2024-06-05,194.5486297607422,195.5716800296083,193.55537589536917,194.08179923154876,54156800
2024-06-06,193.16799926757812,195.17437623382352,192.8600930073616,194.36984306207057,41181800
2024-06-07,195.561767578125,195.61143330627965,192.83031924399432,193.33687329712626,53103900
2024-06-10,191.81716918945312,195.96897795846326,190.8537117900643,195.5716673445734,97010200
2024-06-11,205.75253295898438,205.762475197422,192.32375155853347,192.34360572370616,172373300
2024-06-12,211.6326141357422,218.7145040828182,205.50422428227435,205.97105482418652,198134300
2024-06-13,212.79470825195312,215.28776993558532,210.17251871917932,213.29133517221976,97862700
2024-06-14,211.05650329589844,213.71841617832436,209.87452886084736,212.40732905654968,70122700
2024-06-17,215.2083282470703,217.4729460060793,211.28497823555003,211.93058723086708,93728300
2024-06-18,212.84434509277344,217.15507800113136,211.5630543896915,216.12208558631892,79943300
2024-06-20,208.26548767089844,212.79473855973384,207.4411002029893,212.4868170943974,86172500
2024-06-21,206.0902557373047,210.4605668046439,205.71281440805072,208.9706859649803,241805100
2024-06-24,206.73585510253906,211.2650902197957,205.1963086085621,206.3186903055129,80727000
2024-06-25,207.6595916748047,209.95400566525086,207.20268823087267,207.73903864641352,55549700
2024-06-26,211.81138610839844,213.41052543273105,209.21899292189278,210.07319184959564,66213200
2024-06-27,212.65565490722656,214.28459061162127,210.91746067332394,213.2416710401095,49772700
2024-06-28,209.19911193847656,214.61235731022026,208.88127860134253,214.31437813701,82542700
2024-07-01,215.28778076171875,216.0426482623776,210.4903626519942,210.65921399467373,60402900
2024-07-02,218.78402709960938,218.89328562800327,213.6489065767971,214.6918109818244,58046200
2024-07-03,220.05538940429688,220.05538940429688,217.55238550522975,218.51584293427166,37369800
2024-07-05,224.8130645751953,224.92232310094593,220.1547017635972,220.1547017635972,60412400
2024-07-08,226.28309631347656,226.31289271610447,221.743919005718,225.55801010059582,59085900
2024-07-09,227.13729858398438,227.85244261706796,224.84288445944628,226.39235814584333,48076100
2024-07-10,231.4082794189453,231.50761086701095,227.70344677503346,227.75311249906628,62627700
2024-07-11,226.0347900390625,230.82226580227746,224.2469300453064,229.82901193417422,64710600
2024-07-12,228.98475646972656,231.07059580434316,227.13730353661973,227.3756899381295,53046500
2024-07-15,232.81871032714844,235.62962070976812,231.5175501306247,234.88468027763452,62631300
2024-07-16,233.23590087890625,234.67611608181264,230.76269307600518,233.41467931591345,43234300
2024-07-17,227.3359375,229.89853415546077,225.1110435034522,227.90208429219518,57345900
2024-07-18,222.6676483154297,228.88542732552744,220.7705449165008,228.7265030667722,66034600
2024-07-19,222.79678344726562,225.2699911539264,221.77373312637206,223.30335264411235,49151500
2024-07-22,222.44915771484375,226.24337986146955,221.58501648633228,225.47857008869346,48201800
2024-07-23,223.49205017089844,225.40903804109774,221.17776681088287,222.8563682936816,39960300
2024-07-24,217.06568908691406,223.28346786979841,215.66521268088363,222.48886176091068,61777600
2024-07-25,216.02279663085938,219.36013034825794,213.17214762576046,217.45306951901438,51391200
2024-07-26,216.48963928222656,218.00931662499272,214.55278194008886,217.22463751115632,41601300
2024-07-29,216.76771545410156,217.82056206049742,214.29450802816862,215.49635179854616,36311800
2024-07-30,217.32395935058594,218.84363662609175,214.6620309808042,217.71132777069818,41643800
2024-07-31,220.58181762695312,222.31008478832948,219.14160257039833,219.94613576688096,50036300
2024-08-01,216.8869171142578,222.96562598955987,215.5559605569344,222.85636745689294,62501000
2024-08-02,218.3767852783203,224.07806765618477,216.24129562954897,217.6715683981697,105568600
2024-08-05,207.85826110839844,212.0597211288106,194.67777677399005,197.74692788266515,119548600
2024-08-06,205.8319854736328,208.5733757245506,199.7135534430835,203.91501287026546,69660500
2024-08-07,208.40452575683594,212.1987475040528,204.9976572409954,205.50421123787663,63516400
2024-08-08,211.87100219726562,212.75499762550604,207.42122864939222,211.67235443417223,47161100
2024-08-09,214.78123474121094,215.31758519349225,210.5400362270979,210.66916408754707,42201600
2024-08-12,216.31259155273438,218.28150622882862,214.39340008618356,214.8607709437837,38028100
2024-08-13,220.0316925048828,220.64821789171992,217.7843306202791,217.7843306202791,44155300
2024-08-14,220.47915649414062,221.7818227179272,218.4704570730026,219.33559848009435,41960600
2024-08-15,223.46238708496094,224.08886623333987,221.51334927522385,223.34306350370605,46414000
2024-08-16,224.78492736816406,225.56056092969672,222.39834972442236,222.66684293368954,44340200
2024-08-19,224.62582397460938,224.72527040192085,221.791767703572,224.4567771868955,40687800
2024-08-20,225.24234008789062,225.89865006504533,224.18827476461456,224.50649118022673,30299000
2024-08-21,225.13296508789062,226.70412456960102,223.7905293550798,225.25230383574092,34765500
2024-08-22,223.27342224121094,227.06209724349452,222.64694316501192,226.51517227009805,43695300
2024-08-23,225.57049560546875,226.9427773475752,223.07454817990703,224.39710671028325,38677300
2024-08-26,225.90858459472656,226.00803101617393,222.6370036872603,225.490936936756,30602200
2024-08-27,226.75384521484375,227.5692634267734,223.63141860700006,224.73520717839608,35934600
2024-08-28,225.22247314453125,228.57360836626125,224.41699349604747,226.64446298605537,38052200
2024-08-29,228.50399780273438,231.61648594304322,227.5991020536236,228.8122756660522,51906300
2024-08-30,227.71841430664062,229.11057321557684,226.2069166530855,228.90175696593346,52990800
2024-09-03,221.52328491210938,227.71841483123856,219.9322331496077,227.27093626472063,50190600
2024-09-04,219.61402893066406,220.53881694406624,216.2628786668988,220.41949337418052,43840200
2024-09-05,221.13546752929688,224.2181094473344,220.28027986462445,220.38966486266608,36615400
2024-09-06,219.5841827392578,223.979444280083,218.5400560553227,222.69665529961065,48423000
2024-09-09,219.67369079589844,220.03167667908036,215.49719894103853,219.58419811845144,67180000
2024-09-10,218.87815856933594,220.24048653111632,215.5170698289156,217.69481595725216,51591000
2024-09-11,221.41390991210938,221.84149617822106,216.6706004766808,220.22062862304543,44587100
2024-09-12,221.52328491210938,222.29891847364556,218.5897974500539,221.25479170284098,37455600
2024-09-13,221.25479125976562,222.78616606005667,220.66809680320824,222.32874892129448,36766600
2024-09-16,215.10939025878906,216.00434741371936,212.72281255665072,215.32814508742544,59357400
2024-09-17,215.57672119140625,215.68610617984226,213.29954392555678,214.54254826078727,45519300
2024-09-18,219.45494079589844,221.46364038861367,216.32256023932743,216.33251398665766,59894900
2024-09-19,227.58914184570312,228.53383738270648,223.37288038958053,223.7308662842885,66781300
2024-09-20,226.9228973388672,231.7855303113645,226.34614143297367,228.6829959505254,318679900
2024-09-23,225.20257568359375,228.16589404695566,224.54626569168985,226.06770192621624,54146000
2024-09-24,226.09751892089844,228.06644877557946,224.46669778796843,227.37035418692216,43556100
2024-09-25,225.10311889648438,226.01796830972677,222.76627973963284,223.6711754067507,42308700
2024-09-26,226.2467041015625,227.22121534991766,224.14851196557498,226.02793410267134,36636700
2024-09-27,226.5151824951172,228.23551159576573,226.0279344568732,227.1814462394898,34026000
2024-09-30,231.69602966308594,231.69602966308594,228.3647716650959,228.75258844686658,54541900
2024-10-01,224.9440460205078,228.364781673884,222.48786790384585,228.23551952322458,63285000
2024-10-02,225.51084899902344,226.09754348610434,221.77189689552054,224.62583039487592,32880600
2024-10-03,224.40704345703125,225.5406628776434,222.0702042586661,223.88001079844628,34044200
2024-10-04,225.5307159423828,226.72399710298305,222.87566042869454,226.6245506840192,37245100
2024-10-07,220.4493408203125,224.42695529805295,220.09135491038006,223.24361256318196,39505400
2024-10-08,224.50650024414062,224.71531649859696,222.00059897690352,223.0447257693685,31855700
2024-10-09,228.25538635253906,228.46421777631028,223.57175408478048,223.96950943919006,33591100
2024-10-10,227.75819396972656,228.21562630222516,225.89866409237993,226.50525089558744,28183500
2024-10-11,226.27655029296875,228.1261416619367,226.06771885321956,228.01675665509578,31759200
2024-10-14,230.0055694580078,230.43315574832752,227.320682612259,227.42011387416335,39882100
2024-10-15,232.54127502441406,236.16090332060597,231.0695468532438,232.30261271123658,64751400
2024-10-16,230.4828643798828,230.82095796107367,228.5537189749549,230.30387901574463,34082200
2024-10-17,230.8507843017578,232.5412825211578,229.22991678936268,232.12361966628396,32993800
2024-10-18,233.68482971191406,234.8582185948981,232.7003647541102,234.8582185948981,46431500
2024-10-21,235.15655517578125,235.52449481958178,233.13791711516282,233.13791711516282,36254500
2024-10-22,234.54002380371094,234.89800969153723,231.29827366695753,232.5810475805218,38846600
2024-10-23,229.46856689453125,233.82405947286142,226.4853561254601,232.76999409553275,52287000
2024-10-24,229.27964782714844,229.52824872985036,227.13173238618916,228.69293816499177,31109500
2024-10-25,230.1149444580078,231.91481257552053,228.2852454458818,228.4542922398222,38802300
2024-10-28,232.0937957763672,233.4163543943246,231.24856181455635,232.0142568404043,36087100
2024-10-29,232.36228942871094,233.01859945208068,231.01985366097637,231.7954872619061,35417200
2024-10-30,228.81227111816406,232.1634063461827,228.2653461113998,231.30821865562254,47070900
2024-10-31,224.6457061767578,228.5437662121666,224.10871977089283,228.05650301771783,64370100
2024-11-01,221.66250610351562,224.08885327131992,219.03728125399175,219.73336072670745,65276700
2024-11-04,220.7675323486328,221.5431659237015,218.48041626355018,219.7532516264011,44944500
2024-11-05,222.19949340820312,222.69669523510598,219.90242339565526,220.55873344878196,28111300
2024-11-06,221.4735565185547,224.80481443000403,219.95212032394844,221.36417152277414,54561100
2024-11-07,226.20692443847656,226.6046949785728,223.31322152292373,223.37288331058951,42137700
2024-11-08,225.93814086914062,227.63048374280507,225.39061415381417,226.1471868576639,38328800
2024-11-11,223.22042846679688,224.68381119249955,220.50272420052974,223.98696589218596,42005600
2024-11-12,223.22042846679688,224.5743058460154,222.354350392842,223.53899499841924,40398300
2024-11-13,224.10641479492188,225.62952490733255,221.75703985190805,223.00141185159572,48566200
2024-11-14,227.1924591064453,227.83952645793332,223.98695568104733,224.00686988588794,44923900
2024-11-15,223.98695373535156,225.89830725108274,223.26024476090137,225.38064426033654,47923700
2024-11-18,226.9933624267578,228.70561947942855,224.1561882479486,224.23582987715278,44633700
2024-11-19,227.252197265625,229.123737666772,225.63949596937007,225.95804731142948,36211800
2024-11-20,227.9689483642578,228.89475383274825,224.8729502483013,227.0331781982001,35169600
2024-11-21,227.4911346435547,229.12375023514656,224.6937885863231,227.8495144168353,42108300
2024-11-22,228.8350372314453,229.6812162999479,227.03318893672346,227.03318893672346,38168300
2024-11-25,231.82151794433594,232.19981188776785,228.70562083004268,230.41787789282506,90152800
2024-11-26,234.0016632080078,234.50937670519198,232.27945661483375,232.27945661483375,45986200
2024-11-27,233.8722381591797,234.6288260383393,232.75728573526553,233.41431778082386,33498400
2024-11-29,236.26144409179688,236.73927868022366,232.91657159263394,233.75278591990275,28481400
2024-12-02,238.51126098632812,239.70585504150458,236.0922091638524,236.20171450499868,48137100
2024-12-03,241.55747985839844,241.66698519896212,237.82436396202866,238.73027039850206,38861000
2024-12-04,241.91587829589844,243.01093178619982,240.16380790150487,241.7765092325954,44383900
2024-12-05,241.94570922851562,243.438955500192,241.0398180348311,242.89144401931327,40033900
2024-12-06,241.7466278076172,243.52857697582414,240.99005511798387,241.81631992920728,36870600
2024-12-09,245.63902282714844,246.1268220997756,240.66153502923254,240.74117665680967,44649200
2024-12-10,246.65444946289062,247.09247084593116,244.23538234840328,245.77840669680953,36914800
2024-12-11,245.38021850585938,249.67081089954078,245.15124311202538,246.84360125039836,45205800
2024-12-12,246.84359741210938,247.62008434324935,244.57384885559844,245.77840766369866,32777500
2024-12-13,247.0128173828125,248.16758302178013,245.13132757947596,246.70421556592945,33155300
2024-12-16,249.90972900390625,250.24820975700106,246.53499250196242,246.8734732550572,51694800
2024-12-17,252.33872985839844,252.68716009783537,248.655391740455,248.95404406138837,51356400
2024-12-18,246.9331817626953,253.13512753347695,246.62457993830327,251.02467749046986,56774100
2024-12-19,248.66534423828125,250.86540066585474,245.97750369773615,246.3856613682502,60882300
2024-12-20,253.3441925048828,253.8518908180873,244.58381048961357,246.92322076153135,147495300
2024-12-23,254.1206817626953,254.49896052911285,252.30886880268173,253.62293295259332,40858800
2024-12-24,257.0374755859375,257.0474099027653,254.14055892454206,254.3396705835317,23234700
2024-12-26,257.853759765625,258.9289141129315,256.47003399402934,257.0275101814573,27237100
2024-12-27,254.43922424316406,257.53523753189216,251.92061656694878,256.66912911312295,42355300
2024-12-30,251.06448364257812,252.35863351915538,249.6210152068174,251.09434735441482,35557500
2024-12-31,249.29251098632812,252.1396347735265,248.30696287880588,251.30342042234355,39480700
