Price,Close,High,Low,Open,Volume
Ticker,BNP.PA,BNP.PA,BNP.PA,BNP.PA,BNP.PA
Date,,,,,
2020-01-02,37.87434005737305,38.17122607697914,37.59158915597563,37.60572697069675,2783637
2020-01-03,37.42193603515625,37.584516850814616,37.17453103230924,37.51383047757613,2535225
2020-01-06,37.23815155029297,37.25228936488986,36.503001370329024,36.78575226924205,2494787
2020-01-07,37.2240104675293,37.56330989852792,37.082635030485164,37.414866903062055,2022813
2020-01-08,37.308837890625,37.47848896911096,36.76454416347773,36.94833305654689,2893097
2020-01-09,37.040225982666016,37.7400302484783,36.91298835315246,37.669343874976235,3207565
2020-01-10,36.870574951171875,37.18866902530111,36.76454269429136,37.08970702368586,2495036
2020-01-13,36.70799255371094,36.976605615463335,36.47472267722571,36.84229773633104,2858479
2020-01-14,36.87763977050781,36.96953420654382,36.23438411127996,36.82109121514788,3294787
2020-01-15,36.02231979370117,36.95539381231971,35.9162902486152,36.83522645525323,3230881
2020-01-16,35.760780334472656,36.29093619867426,35.499237529823276,36.05059876570905,3309337
2020-01-17,35.87388610839844,36.093018206110536,35.64768645112068,35.99405349660298,2954093
2020-01-20,35.69009780883789,35.895089382393714,35.612341175604236,35.8314705639764,1776051
2020-01-21,35.49216842651367,35.78905712228587,35.251830985750374,35.47803061276145,2847578
2020-01-22,35.4002799987793,35.75371728616401,35.27304235959979,35.52044738216409,2939696
2020-01-23,35.311920166015625,35.68302769449263,35.036236820773816,35.50630905335716,4186551
2020-01-24,35.28010940551758,35.873884147544324,35.23769596090407,35.81733288805965,3186013
2020-01-27,34.54495620727539,35.18821189715773,34.42125370855037,34.99735545776245,4716090
2020-01-28,34.93373489379883,35.135196705712595,34.315219734660644,34.714605534614755,3074687
2020-01-29,34.99382781982422,35.27304361034031,34.83831454497662,35.121065463515414,2413393
2020-01-30,34.55909729003906,34.77469424957376,34.25160857790883,34.495478470889275,3404856
2020-01-31,33.9617805480957,34.84890870893108,33.90876712328462,34.84890870893108,4461448
2020-02-03,34.17031478881836,34.4495305509389,33.86635852608016,34.00773397097203,3293745
2020-02-04,34.84185028076172,34.84185028076172,34.33996995328781,34.43539683946448,3725725
2020-02-05,35.06804656982422,35.485102658770096,34.50607990498884,34.88425767828203,3809870
2020-02-06,35.633544921875,35.83146892723795,35.400277729341866,35.4568262895117,3883717
2020-02-07,36.637306213378906,36.637306213378906,35.52751078018728,35.661818659430295,4629252
2020-02-10,36.50299835205078,36.63023597638966,36.34041754239825,36.46765516673713,3595939
2020-02-11,37.273494720458984,37.30883790867787,36.68679024579064,36.88471425702636,3683036
2020-02-12,37.87434005737305,37.95209399357052,37.28056532164843,37.30883825457822,4311939
2020-02-13,37.86726379394531,37.87433404844036,37.31590258985997,37.69054518273724,3528208
2020-02-14,37.94502639770508,38.1641584809014,37.775375317728496,37.867269765070496,2896124
2020-02-17,38.2984619140625,38.32673754217661,37.952092210945416,38.02278128123069,2154079
2020-02-18,37.93795394897461,38.19242920597253,37.902610762505404,38.04398620489451,3238319
2020-02-19,37.994503021240234,38.2277728922546,37.86019784176998,38.12174064242768,2736048
2020-02-20,37.648136138916016,38.086400287347,37.52796876359652,37.89554384138751,3453029
2020-02-21,37.61986541748047,37.77537598900063,37.26642813305172,37.464352149447826,4704745
2020-02-24,36.19197463989258,36.77161150937636,36.02232357483069,36.51006870156348,8375558
2020-02-25,34.42478942871094,36.40403753192067,34.42478942871094,36.39696997323424,9064145
2020-02-26,34.08195495605469,34.27634652689756,33.29732381048858,34.07135226973822,9987467
2020-02-27,32.08149719238281,33.40335441575866,31.756335577691146,33.40335441575866,12715472
2020-02-28,30.95050621032715,31.272135467991763,30.07751559268066,30.855079319758275,11414189
2020-03-02,30.717235565185547,31.56548288732274,29.589769769335934,31.56195045598111,9760643
2020-03-03,30.261301040649414,31.735133858699033,29.953809634716684,31.735133858699033,10183476
2020-03-04,29.865447998046875,30.445084879566096,29.688729370839496,30.32491750739096,8378905
2020-03-05,28.639020919799805,30.22595347178704,28.317394413438386,30.0987185382078,9912621
2020-03-06,27.225269317626953,28.221962195517143,26.77993765407668,27.925076217491668,10830096
2020-03-09,23.88175392150879,25.256624553416156,23.88175392150879,24.210450658750858,15285280
2020-03-10,24.47906494140625,26.355815895295255,23.84641193382788,24.404843441725514,15219866
2020-03-11,25.20714569091797,26.097806414336464,24.645181732579033,24.952670428080587,9873471
2020-03-12,21.91311264038086,24.17864703188177,21.54200374434825,23.408153608601424,19034340
2020-03-13,22.429128646850586,24.73000601072234,21.966126689828048,22.874460358425328,11707060
2020-03-16,19.396636962890625,21.520794275600476,18.714502951790678,20.895210171460604,12726489
2020-03-17,20.640735626220703,20.796247528489676,18.428217719757082,20.347382066007402,9688197
2020-03-18,18.661487579345703,20.31910923790761,18.59786876290908,19.983343561882375,9362461
2020-03-19,19.216381072998047,19.803086798134316,17.74254852816854,19.48145898522689,8956394
2020-03-20,19.396636962890625,20.425139322653028,19.216383207529304,19.79248631161113,12822483
2020-03-23,17.9722843170166,19.01492451441889,17.7778940916634,18.308049987130037,10576950
2020-03-24,19.636974334716797,19.636974334716797,18.47416544446247,19.43904898693219,10496527
2020-03-25,21.206235885620117,21.31580192306804,19.792486826578774,20.428673633496146,10369508
2020-03-26,21.898971557617188,21.962590370103495,20.361520068462333,20.644269597148085,7408851
2020-03-27,21.117876052856445,21.729322344144233,20.449879854520546,21.333472994807426,6383577
2020-03-30,19.96920394897461,20.849263264914303,19.10681757354152,20.775040420252353,6719180
2020-03-31,19.44611930847168,20.38626241939369,19.05380371192888,20.14592496111983,8373353
2020-04-01,18.28684425354004,19.014924139404336,18.251499718918968,18.87355004568846,8110217
2020-04-02,18.41054916381836,18.85587957228378,17.813240607230355,18.414082943614932,5921150
2020-04-03,17.484540939331055,18.166674929953338,17.32195878197745,18.092452083838307,6957628
2020-04-06,18.127798080444336,18.255035714618643,17.682466360834255,18.237362772339612,8638999
2020-04-07,18.908891677856445,19.576887822343867,18.336323746618085,18.668554255211994,12757415
2020-04-08,19.053804397583008,19.053804397583008,18.124263940169936,18.44942695058229,5222838
2020-04-09,20.078771591186523,20.354452227558934,19.463790154367874,19.502668469396017,9750490
2020-04-14,19.658180236816406,20.418070893357374,19.49559941903523,20.418070893357374,5415721
2020-04-15,18.25149917602539,19.534476757100986,18.25149917602539,19.509736257730214,6459828
2020-04-16,17.601177215576172,18.668558020045378,17.54109352192617,18.37873954280776,7852591
2020-04-17,18.004093170166016,18.799326988873535,17.848581264324306,18.095987610906757,9194930
2020-04-20,18.16314125061035,18.265638383400557,17.57997055889377,18.2373627543869,4940639
2020-04-21,17.438594818115234,17.912200810108065,17.438594818115234,17.60117563745076,6244704
2020-04-22,18.05004119873047,18.1419356435858,17.51988529585429,17.6824661158215,4322856
2020-04-23,19.177505493164062,19.746539708131248,18.353997363050038,18.41761617890079,8228825
2020-04-24,18.590801239013672,18.961911478592693,18.44942712950116,18.665024095883247,5119969
2020-04-27,19.644041061401367,19.682918022525328,19.241121503673256,19.65110861923774,4930291
2020-04-28,20.92348861694336,21.47484994699472,19.689991835669208,19.7924889771682,8449905
2020-04-29,21.701047897338867,21.980262302840902,20.693750916228776,20.828057450028016,7277456
2020-04-30,20.269628524780273,21.810615361589353,19.933864169891347,21.693981754205776,9216621
2020-05-04,19.163368225097656,19.774814508954734,18.91596187917275,19.089145377540902,7545564
2020-05-05,19.940929412841797,20.464017740193533,19.294139932974183,20.14592366927101,6416452
2020-05-06,19.7924861907959,20.032823630973194,19.424911123671077,19.933861631461177,4673027
2020-05-07,20.142391204833984,20.269627493252894,19.73240401346756,19.933863155451117,4240859
2020-05-08,20.368589401245117,20.474620308188026,20.011617018354762,20.38626099435958,3107443
2020-05-11,19.863174438476562,20.782110782429363,19.68645580708132,20.782110782429363,4070204
2020-05-12,19.665250778198242,20.156528400032016,19.619303552569853,19.82783160949098,3992813
2020-05-13,18.732175827026367,19.375431568320362,18.732175827026367,19.311812750103925,5924054
2020-05-14,18.541318893432617,18.665022747105258,17.62591630858231,18.57666342944888,6821270
2020-05-15,18.760448455810547,19.20577876383819,18.311583020527312,18.813463230340307,5429807
2020-05-18,20.227214813232422,20.34384975956991,19.23052181905613,19.368362138723207,5404582
2020-05-19,20.039892196655273,20.84926381675948,19.615767230136242,20.736162657199113,7790931
2020-05-20,20.37212371826172,20.453414127338707,19.198712107509746,19.810158413550198,5230325
2020-05-21,19.99394416809082,20.333243588276616,19.78541614663696,20.043425165002578,3916377
2020-05-22,20.05756378173828,20.654872244227544,19.43551481980164,19.658179314828086,5170362
2020-05-25,20.432207107543945,20.485221884013693,20.054029372717633,20.45694760621437,2976462
2020-05-26,21.91311264038086,22.259481033228383,20.651341584916207,20.676082088101296,9030109
2020-05-27,23.846410751342773,24.309412667754437,22.308957965339065,22.35843896267258,13521764
2020-05-28,23.81813621520996,24.334154279952564,23.16074271025421,24.033733154819764,7563506
2020-05-29,22.800241470336914,23.782796754110688,22.747225334889645,23.397548686605678,7522308
2020-06-01,23.669692993164062,23.70150105124308,23.097123679131776,23.602539052980955,3908571
2020-06-02,24.37303352355957,24.797159860384745,23.627280677074843,23.95951256977771,7772221
2020-06-03,25.553516387939453,25.74437014594959,24.684058307387993,24.93146602095983,8550835
2020-06-04,25.461620330810547,26.030654530590922,24.69466212989344,25.21774776047259,7762229
2020-06-05,27.64940071105957,27.64940071105957,26.168497585513542,26.295735227143453,11020796
2020-06-08,27.886198043823242,28.748583053173874,27.1757884550345,27.380782696020237,8809774
2020-06-09,26.974332809448242,27.73068836473145,26.012982986823346,27.33130521340361,7719288
2020-06-10,26.401763916015625,27.815513045580314,26.299269477053155,27.327770566624984,6480806
2020-06-11,24.563888549804688,25.677216411868056,24.45785629760353,25.3485196658591,8593919
2020-06-12,24.719404220581055,25.585324477783306,23.92417034075809,24.150369984186735,8776701
2020-06-15,24.24226188659668,24.52147766305657,23.32332549237535,23.485906318571146,6479389
2020-06-16,25.454553604125977,26.25332267110088,24.9880164678379,25.376799661838504,7327702
2020-06-17,25.415674209594727,26.020051589880726,25.101112572989393,25.323779768603146,5658405
2020-06-18,25.31671142578125,26.065999431017353,24.82190139040241,25.203611603907166,5732739
2020-06-19,24.952667236328125,25.730230739594916,24.772413498789586,25.716092927188754,12752348
2020-06-22,24.811294555664062,25.03042662745189,24.26346842096294,24.609835425468525,3900106
2020-06-23,25.666614532470703,26.129616475506104,24.89258607801172,25.115250578816294,5014774
2020-06-24,24.394237518310547,25.754973071831326,24.394237518310547,25.482824882522294,4663959
2020-06-25,24.86431121826172,24.910259788784185,23.85701554563728,24.17510962554825,5312112
2020-06-26,24.376567840576172,25.32024466162243,24.365965154397802,25.249558289425142,3979547
2020-06-29,24.988014221191406,25.235421931176045,24.107956162968872,24.29527748695676,4506897
2020-06-30,25.002153396606445,25.214215233484005,24.479067712075977,25.058704657913825,4882651
2020-07-01,24.542686462402344,25.207147601783035,24.320019242283845,25.072842401332032,4959740
2020-07-02,25.875141143798828,26.288662085446635,24.77241593622575,24.94913456392265,7004183
2020-07-03,25.645404815673828,26.041255488182028,25.34144857895562,25.875139556892766,3411030
2020-07-06,26.426502227783203,27.26061436081897,26.28159435619878,26.514861541058075,5201162
2020-07-07,26.324010848999023,26.50426192748705,25.846868344790856,26.161427320794537,3632997
2020-07-08,25.694887161254883,26.0730649133208,25.578254917355853,25.99177585534609,4555513
2020-07-09,25.101112365722656,25.988240620267227,25.097579934703408,25.935224493343995,3908527
2020-07-10,25.928157806396484,26.002379307979155,24.82543257607043,24.913791891742036,4223656
2020-07-13,26.673912048339844,26.716322796323396,25.81152421917481,26.5007285355446,5212840
2020-07-14,26.511327743530273,26.917781102947117,26.080133885532163,26.44770893339101,4572378
2020-07-15,27.23587417602539,27.589311433213418,26.302800032769984,26.89657473270636,5719396
2020-07-16,27.257081985473633,27.476211357075243,26.89657447652864,27.03441478979812,3779803
2020-07-17,26.84355926513672,27.25001266020354,26.444176125434446,27.182861413314345,5571889
2020-07-20,26.868301391601562,27.006144414427354,26.348750844389006,26.695117875864046,2912476
2020-07-21,27.242948532104492,27.999304160620305,27.098037940518076,27.299497099580464,5245808
2020-07-22,26.71985626220703,27.419663222045305,26.673910389245155,27.193463591827584,3444107
2020-07-23,26.55373764038086,26.93191536180168,26.37701902856717,26.921312676534782,3238763
2020-07-24,26.253318786621094,26.504258913293054,26.119013600891837,26.225043159147905,3543160
2020-07-27,25.670148849487305,26.253320904738892,25.54998146779954,26.087204950572005,3659072
2020-07-28,25.567649841308594,26.02711935337113,25.405069026897365,25.638338910517128,3808597
2020-07-29,25.306106567382812,25.81152194287682,25.097579884153593,25.716095071816987,3554642
2020-07-30,24.302349090576172,25.214215259750855,23.885292975793735,25.214215259750855,6533565
2020-07-31,24.11502456665039,25.836262235012747,24.107954311658464,25.489895242750016,6780122
2020-08-03,25.065771102905273,25.203611425572976,24.02666733944968,24.164507662117384,4340054
2020-08-04,25.578256607055664,25.84333456376747,25.189473446668412,25.415675783853914,4155675
2020-08-05,25.40860366821289,25.832727289298095,25.34144972787805,25.726697732282904,2871445
2020-08-06,25.330846786499023,25.751437972336152,25.04102835249258,25.323779228040802,3138798
2020-08-07,25.079906463623047,25.35558708198408,24.76534753277395,25.231884586118507,2604704
2020-08-10,25.31671142578125,25.680754089684903,25.083444222890147,25.429811247655337,2896664
2020-08-11,26.500728607177734,26.582017672040912,25.465157262418238,25.521705825386647,5038193
2020-08-12,26.737529754638672,27.34897471574221,26.069533536559454,26.419435675431345,5222641
2020-08-13,26.14729118347168,26.787011797940778,26.126083113024876,26.40529888804777,3096277
2020-08-14,25.914020538330078,26.115479674445698,25.21421355700024,26.055395985685966,3610360
2020-08-17,25.656007766723633,26.186163622786093,25.61006189660925,25.8963451959991,2314950
2020-08-18,25.369726181030273,25.84686594441432,25.224818306104474,25.412139623124617,2886912
2020-08-19,26.0377197265625,26.037719726562496,25.17886716168895,25.21774547217182,2585321
2020-08-20,25.415674209594727,25.595925267504978,25.182404327811227,25.49696326790431,2804170
2020-08-21,24.99508285522461,25.62420073139483,24.684056348165367,25.61359804529276,3872526
2020-08-24,25.648944854736328,25.677220486011354,25.175340165186405,25.253094106423806,2801975
2020-08-25,25.70195770263672,26.313402645823718,25.69842257505124,25.892814144568646,3337718
2020-08-26,26.08367347717285,26.154359857642532,25.51817164736512,25.592395852324625,2236630
2020-08-27,25.793851852416992,26.080135163819467,25.55704684409006,26.03772172281041,3129399
2020-08-28,26.723392486572266,26.871835494398805,25.811523673045098,26.083671883906163,5621171
2020-08-31,25.84686279296875,27.221733355872757,25.818589864865412,26.808212457793676,4202205
2020-09-01,25.507564544677734,26.405295443114046,25.108181440781937,26.15435533041717,4783355
2020-09-02,25.362659454345703,25.903418050355825,25.28843795062984,25.659545469209142,3876857
2020-09-03,25.553516387939453,26.493658149277596,25.330849176073553,25.793853845873915,4491580
2020-09-04,26.313400268554688,26.783472424001285,25.44748014768951,25.588855576701302,6706818
2020-09-07,26.43711280822754,26.92839047090458,26.37702641403778,26.631501717743568,3050225
2020-09-08,25.74790382385254,26.81528585794511,25.659544508948095,26.483053971020464,4068642
2020-09-09,26.00591278076172,26.115477462338497,25.482824478806755,25.71609435166174,3647639
2020-09-10,26.15789222717285,26.659772486515138,25.733765899542753,26.048324843532793,4257996
2020-09-11,25.525238037109375,26.1826315226523,25.45454897083413,26.10487489800561,4532226
2020-09-14,25.850399017333984,25.906950268964806,25.42274028879626,25.83272607707133,2784955
2020-09-15,25.330846786499023,25.889278282625057,25.267227974326282,25.825659470452315,4303472
2020-09-16,25.24248695373535,25.42980825890047,24.464926106801475,25.330846263455662,4581410
2020-09-17,25.04102897644043,25.161199045321972,24.66638634903942,24.8183644765438,3376597
2020-09-18,24.454326629638672,25.065771623081858,24.3447592375813,24.95620692753698,10536125
2020-09-21,22.89566421508789,24.17510800800637,22.761359033228363,24.171572880546016,7493481
2020-09-22,22.77549934387207,23.326860641607905,22.697742710291383,23.192555445021924,4131860
2020-09-23,22.234737396240234,23.153675057370712,22.195859082927157,23.040575244963286,5279813
2020-09-24,22.02621078491211,22.386716965807924,21.5667425988412,21.775270644214576,5292452
2020-09-25,21.382953643798828,22.26654676957564,21.255716017965987,22.181721236268377,5076141
2020-09-28,22.492746353149414,22.496281480669516,21.81414748094982,21.93431619976718,4492970
2020-09-29,21.909576416015625,22.280685270641246,21.824750880091063,22.125172012822244,3169235
2020-09-30,21.895435333251953,22.270077911327252,21.48191309827003,21.58794533941039,4422170
2020-10-01,21.669239044189453,22.326631219750837,21.59148241501563,22.284219125772463,3887376
2020-10-02,21.552602767944336,21.655099891290032,21.1814939350009,21.34760986950902,3802029
2020-10-05,22.234737396240234,22.280684616360784,21.810612425584328,21.994399957810423,4120950
2020-10-06,23.351598739624023,23.609609115716506,22.111034599170154,22.255943816126372,6290067
2020-10-07,23.401081085205078,23.538921403382695,23.104195075749388,23.217294893139034,4933207
2020-10-08,23.8358097076416,24.132695712093817,23.496510261190938,23.567196634676048,4040001
2020-10-09,23.62374496459961,24.051406418519342,23.538920777939293,23.821671662156717,3182920
2020-10-12,23.70857048034668,23.987786220866347,23.464697924187657,23.6343489842357,3125922
2020-10-13,22.743688583374023,23.67323036186367,22.630588760865347,23.67323036186367,4281376
2020-10-14,23.008766174316406,23.351600764164083,22.581107393082554,22.74722334457678,3327464
2020-10-15,22.3831844329834,22.90273768560267,22.00500528873751,22.63765971561427,4311046
2020-10-16,22.764896392822266,22.88506377313515,22.029746206692156,22.634123629088442,5188171
2020-10-19,23.044109344482422,23.227898238271795,22.552833094225097,22.870925834056315,1940209
2020-10-20,23.408151626586914,23.77925914294081,22.902736221589567,22.902736221589567,4564142
2020-10-21,23.068849563598633,23.793397050011638,22.93454437094453,23.62728110068196,3046079
2020-10-22,23.033506393432617,23.082987395843947,22.471542424684344,22.8744606994694,2952934
2020-10-23,23.6802978515625,23.96658118658546,23.00169891850161,23.040577235172933,4452562
2020-10-26,23.29151725769043,23.747451671813963,22.948682665143185,23.114798617945453,3781415
2020-10-27,22.17818832397461,23.609610322294238,22.17818832397461,23.39754580660812,5499192
2020-10-28,21.02951431274414,21.66570103070537,20.70435272179399,21.478379738016958,9539478
2020-10-29,20.7149600982666,21.27692545185984,20.350920115461523,20.98710697750421,6138415
2020-10-30,21.103740692138672,21.17796220096884,20.44281332388931,20.499363237510813,5246970
2020-11-02,22.001468658447266,22.075690156846107,21.12140931887669,21.34761028982798,5053240
2020-11-03,23.348064422607422,23.57426405221969,22.800238290098328,23.326859049991363,7105234
2020-11-04,23.41168212890625,23.758051812144714,22.361974438152885,22.619983462733966,6095662
2020-11-05,23.948909759521484,24.016061006041486,23.05824634434862,23.609610309721646,5692324
2020-11-06,23.489439010620117,24.139764944478603,23.32332307380539,23.82167088424957,6069268
2020-11-09,27.71302032470703,30.042170865736285,23.715642579414,23.913569303452146,15161714
2020-11-10,29.830106735229492,30.031565875374664,27.82965045193496,27.9321475859053,17980334
2020-11-11,29.045475006103516,29.929068182613705,28.727380923257368,29.695798289689073,6997306
2020-11-12,27.953353881835938,28.692039217745783,27.4479411474141,28.324464113746927,7471758
2020-11-13,28.214895248413086,28.363338240640445,27.45146952293732,27.592844956897142,5457079
2020-11-16,28.699100494384766,29.49786934737555,28.398679403920635,28.822805675615815,7415521
2020-11-17,28.92884063720703,29.027802643509975,28.35980640445268,28.783932755552705,5016260
2020-11-18,29.07375144958496,29.14443782708151,28.561265774941354,28.628419721121798,4020714
2020-11-19,28.84401512145996,28.974787878935473,28.3633402301869,28.593074989422337,4098623
2020-11-20,28.946516036987305,29.16918057007109,28.734454191691416,28.844018894183215,4965831
2020-11-23,29.32822608947754,29.759417297312343,29.20452088676203,29.473133969169076,4514209
2020-11-24,30.9151554107666,31.176698209929793,29.745279024518606,29.826568078610897,6661655
2020-11-25,30.92929458618164,31.77400940024547,30.141128330084417,31.614961019407936,5384559
2020-11-26,30.653615951538086,31.077739601609327,30.25069497850428,31.077739601609327,3008686
2020-11-27,30.978778839111328,31.194375800558326,30.374401400083897,30.455690466294232,4362254
2020-11-30,30.370864868164062,30.87628027460752,30.278970422489145,30.635942821966317,6062477
2020-12-01,31.24738883972168,31.275661770619312,30.35672545189632,30.533444078439675,4790854
2020-12-02,31.774009704589844,31.858833890608338,30.618268372846767,31.049462254585173,4994809
2020-12-03,31.720991134643555,31.911847560873554,31.102475987171395,31.660907453194866,3647522
2020-12-04,32.33244705200195,32.42433881323512,31.58315896675215,31.64677779188197,5762143
2020-12-07,31.45945167541504,32.053226387772305,31.328678916775477,32.053226387772305,4021015
2020-12-08,31.30394172668457,31.625570965793692,31.127223075704865,31.314544414301334,2887032
2020-12-09,31.48772430419922,32.01434776484626,31.462983803777114,31.480656745441035,3126636
2020-12-10,30.720766067504883,31.653840220476066,30.441550307837492,31.57255116052326,4836934
2020-12-11,30.476896286010742,30.752576918904218,30.08104558186157,30.65007978935187,4087189
2020-12-14,31.208511352539062,31.950729064372066,30.904555091114982,30.92929559162567,4022975
2020-12-15,31.9754695892334,32.06029377726146,31.031792744948326,31.155495247595976,4143444
2020-12-16,31.226181030273438,32.039087797729785,31.063600216084623,31.837628669657526,4048651
2020-12-17,31.134292602539062,31.519540688203783,30.890422682406413,31.353424714344587,3015518
2020-12-18,30.79498863220215,31.60082787988152,30.787921073206125,30.975242396493414,7713150
2020-12-21,29.48727035522461,29.94320473872577,28.8616875990095,29.4342542275594,5402160
2020-12-22,30.03156280517578,30.218884111501033,29.618041880286576,29.618041880286576,2705483
2020-12-23,30.985843658447266,31.102478600361568,29.971480457135147,30.006823643514924,2729707
2020-12-24,30.957571029663086,31.445316217094597,30.78438751206695,31.28626781820985,555198
2020-12-28,30.840932846069336,31.491256042317996,30.671281792497677,31.42056967629515,1566503
2020-12-29,30.85153579711914,31.137819087443738,30.55111469416577,30.968170728922512,1623551
2020-12-30,30.611204147338867,31.077741266008047,30.554652886160763,30.830336239635205,1374724
2020-12-31,30.469825744628906,30.9186925731612,30.169404614078925,30.27190174266888,827264
2021-01-04,30.402671813964844,31.042395085988677,30.141128997489584,31.00351677180167,3025708
2021-01-05,30.339052200317383,30.73136776295185,29.911393452038197,30.197679457738513,2852830
2021-01-06,32.014347076416016,32.52329488794251,30.94696506055833,31.081272942686475,5959237
2021-01-07,32.735355377197266,32.94388203687508,31.97899996314269,32.498550397030634,4336483
2021-01-08,32.01081466674805,32.982767196616365,31.929522905057205,32.85199443094413,3864732
2021-01-11,31.795217514038086,32.187533112148564,31.53720980863973,31.788149954874932,3649675
2021-01-12,32.049686431884766,32.26528334652119,31.759868026449034,32.06028911678296,3346621
2021-01-13,31.82703399658203,32.106247126207016,31.71039902556626,31.968406777374902,2471939
2021-01-14,31.901248931884766,32.30770233406549,31.604360221161166,31.9507299342533,3170300
2021-01-15,31.40997314453125,32.36425275535151,31.08834391413967,31.678583545250813,4728083
2021-01-18,31.6715145111084,31.710392827180833,31.02472364900781,31.109547840205657,2083866
2021-01-19,31.18023681640625,32.12744882079479,31.14489362822634,31.92952211326497,3070352
2021-01-20,31.39936637878418,31.452382509610377,31.0706722999891,31.21911530909251,2655763
2021-01-21,31.342815399169922,31.774009275079596,31.18730214647798,31.60435820882364,3337036
2021-01-22,30.4556884765625,31.021187561235436,30.15880246830133,30.999982188220308,4235711
2021-01-25,29.144439697265625,30.696029242538053,28.95358322996282,30.466294456163606,4763830
2021-01-26,29.68166160583496,29.960874661950417,29.211589413568884,29.289346040441437,3642144
2021-01-27,28.646089553833008,29.51907727684192,28.193687618827045,29.430717966307597,6118922
2021-01-28,29.12676239013672,29.303480998896646,28.069983168263743,28.27497740158813,5236473
2021-01-29,28.119468688964844,28.720313673364785,28.105330874407063,28.561265281974034,6251211
2021-02-01,28.4022159576416,28.875820550500652,28.296183710264053,28.593072385013958,3454890
2021-02-02,29.409517288208008,29.57563324996538,28.64255899753203,28.72384806614994,4937566
2021-02-03,29.618043899536133,30.420345304998076,29.504944082543428,30.247161800090073,3640745
2021-02-04,30.03156280517578,30.466289101645305,29.289345138230818,29.706401190554125,4129894
2021-02-05,30.816198348999023,31.293338153844413,29.805367478268398,30.32492072889367,5453976
2021-02-08,31.18730354309082,31.632635252507114,30.911622907527708,31.29687092899047,3781411
2021-02-09,31.045928955078125,31.455917488581097,30.749042938275903,31.385231112155545,2904935
2021-02-10,31.9047794342041,32.13098175544321,31.219113001474835,31.349883058465927,4973831
2021-02-11,32.300628662109375,32.50562290538938,31.586686634511707,31.947191427424723,4402790
2021-02-12,32.85552978515625,32.85552978515625,32.10624176804208,32.21580916033785,4715195
2021-02-15,33.61188507080078,33.87696303302557,33.12414259105166,33.403358368176605,4440763
2021-02-16,33.654300689697266,33.827484214515614,33.23017430482994,33.57654405097929,3006568
2021-02-17,33.68257141113281,34.21979485116734,33.50585278399468,33.81334146944719,4450435
2021-02-18,33.27611541748047,33.91230080733448,33.10646436227884,33.66136070007677,3548418
2021-02-19,34.15971374511719,34.24100280969347,33.21250172425531,33.293790788831586,4444116
2021-02-22,34.84891891479492,34.96201874836759,33.66136931402555,34.02540931907155,5069036
2021-02-23,34.9549446105957,35.315449419607766,34.325826736204476,35.1811442351743,4441385
2021-02-24,35.463890075683594,35.598197947759886,34.72520756531215,34.95847742954232,3788958
2021-02-25,35.56285858154297,36.29093848469206,35.56285858154297,35.77492040127925,4243255
2021-02-26,34.83124542236328,35.979916595546584,34.640388965391324,34.93727498967271,6149959
2021-03-01,34.73228454589844,35.54165633917687,34.73228454589844,35.32959448467238,3659140
2021-03-02,35.66181564331055,35.9374962404229,34.60150399502487,34.6403823045163,4269987
2021-03-03,36.5595588684082,36.67972626822238,35.82440856297472,35.85975175724283,3921783
2021-03-04,36.51007080078125,36.821094625346724,35.73250719459902,36.31214409741017,4089114
2021-03-05,36.467655181884766,36.85643561352075,35.85974268679364,36.439379555017226,3983070
2021-03-08,37.64106750488281,37.93088594494724,36.736268998635275,36.905917370300564,5231612
2021-03-09,37.174530029296875,37.78951008871821,36.50299871560073,37.67641027668081,4990331
2021-03-10,37.294700622558594,37.916750990772776,37.01901997542744,37.06850097893752,3782058
2021-03-11,36.99074172973633,37.52796513205207,36.28386727081391,37.18159546071477,4068223
2021-03-12,37.520896911621094,37.853126067822025,37.0826328133366,37.0826328133366,3674350
2021-03-15,36.637306213378906,37.55624251364369,36.368693151405076,37.40072926252534,3517252
2021-03-16,36.184906005859375,37.322974423867706,35.91629562753755,37.110912605424886,4684324
2021-03-17,36.531272888183594,37.238147359399974,36.191973465581185,36.191973465581185,4296573
2021-03-18,37.38658905029297,37.520896920918474,36.87763858584268,36.99780864395434,4194017
2021-03-19,36.1566276550293,37.16038803692103,35.9869766077949,37.01901261364436,7982627
2021-03-22,35.845603942871094,36.42524079604833,35.04683772843913,35.371999339438624,2998334
2021-03-23,35.59820556640625,35.71130539543205,35.195287256969806,35.61234338209856,2889131
2021-03-24,36.13542175292969,36.22731618803981,34.764086266995065,35.09631812711559,2771440
2021-03-25,35.9304313659668,36.18490391549014,35.386137688949105,35.972842109297936,2736694
2021-03-26,36.52420425415039,36.785749761595,35.99404837721296,36.262661443218015,3104897
2021-03-29,35.81733322143555,36.1849083219698,35.49217156590957,36.1849083219698,3462888
2021-03-30,37.195735931396484,37.20987374516664,36.05059998113675,36.24852398089436,3299916
2021-03-31,36.67264938354492,37.216943065722404,36.630235943299546,37.00487856100771,3197484
2021-04-01,36.86351013183594,36.92005869559878,36.41817839496132,36.785753497213584,2303620
2021-04-06,36.72213363647461,37.35125155838167,36.61610137472092,37.11091410205075,2729433
2021-04-07,36.96247100830078,37.13918964647795,36.55248247340377,36.722133552519324,2275896
2021-04-08,36.75747299194336,37.17452904336628,36.48885993428652,37.004877981553506,2845763
2021-04-09,36.375762939453125,36.96953765696689,36.33335219310294,36.82816221060412,2616756
2021-04-12,36.34749221801758,36.707999789739056,35.9445738942202,36.199049192726484,2450579
2021-04-13,36.50299835205078,37.209872844372484,36.24145554491516,36.404036354567694,3223540
2021-04-14,36.743343353271484,36.743343353271484,36.170773925846426,36.340425025402546,2361859
2021-04-15,36.587825775146484,37.06143312911579,36.56662040138347,36.76454441387143,2963729
2021-04-16,37.39366149902344,37.464347869228426,36.58782231752075,36.63023575755105,3535949
2021-04-19,37.69761657714844,37.88140275189695,36.99780966913812,37.393660340958434,2646037
2021-04-20,35.9304313659668,37.75416613503433,35.90922329778906,37.669341951859884,4635906
2021-04-21,35.59820556640625,36.460593448048364,35.12813330655952,35.923367237791346,3159906
2021-04-22,35.82440185546875,35.97284486150915,35.506307773587615,35.697164222716296,2491478
2021-04-23,35.7042350769043,35.767853899152115,35.16347643605413,35.569929872831175,3081649
2021-04-26,36.69385528564453,36.75747409867581,35.372000722119424,35.76784871741426,3706330
2021-04-27,36.658512115478516,36.8493685546537,36.354555863812,36.73626874216236,3380571
2021-04-28,37.803653717041016,37.83899690814296,36.89178482544263,36.93419827267254,3992277
2021-04-29,38.051055908203125,38.581211787088655,37.76123477242729,38.00864246714788,4288493
2021-04-30,37.74002456665039,37.90260535843816,36.96953134682287,37.676405761471536,4036309
2021-05-03,37.78950881958008,38.17828924186966,37.52089846033252,37.81778444576786,2051674
2021-05-04,37.49969482421875,38.77913874704567,37.40073281737812,37.99450755493434,3830276
2021-05-05,38.80741500854492,38.80741500854492,38.008645988661094,38.03692161865101,3959259
2021-05-06,38.814483642578125,39.323434210439665,38.34087896143896,38.842759273351,4336530
2021-05-07,38.72258758544922,39.19619494346599,38.33380711623431,39.146713939921135,3801996
2021-05-10,39.457733154296875,39.493076338901666,38.84275311333469,39.18912009757862,3907318
2021-05-11,39.44359588623047,39.599109136455176,38.89930220695617,39.03361008542739,4554417
2021-05-12,40.009098052978516,40.08685468414619,39.12550487427747,39.281018136612815,4855858
2021-05-13,39.627384185791016,39.76875692410413,38.47517803225663,39.372908942407996,3446779
2021-05-14,40.32012176513672,40.47563232011211,39.7475524545333,39.980822331764685,3307523
2021-05-17,40.2777099609375,40.41201514944296,39.895997071695916,40.390809776655864,2510944
2021-05-18,40.34132766723633,40.94216991613299,40.15754148293653,40.609940733378096,2884081
2021-05-19,39.54255676269531,40.60993871924716,38.83568229481116,39.966683061333065,4155798
2021-05-20,39.73341751098633,39.9384117761152,39.2810182338139,39.79703632787072,2960089
2021-05-21,39.75462341308594,39.881858343404055,39.40825371860056,39.7404855993812,4109887
2021-05-24,40.09354019165039,40.22333964611321,39.61039991733106,40.13680759340612,1631472
2021-05-25,39.94932556152344,40.44688835964944,39.87000335802407,40.16565709328237,2588828
2021-05-26,39.40849685668945,40.06470408679074,38.82439922298422,39.90605967375369,3854734
2021-05-27,40.663211822509766,40.663211822509766,39.11283386021209,39.19215329716724,7218484
2021-05-28,40.728118896484375,41.0309852361656,40.216133638637956,41.02377262644684,3420514
2021-05-31,40.27381896972656,40.66321735306783,40.18007705399235,40.66321735306783,1717674
2021-06-01,40.89397430419922,41.110305838138395,40.439678908168354,40.51178850254651,2710254
2021-06-02,41.103092193603516,41.103092193603516,40.52620723929277,40.88676067958754,2305482
2021-06-03,41.420379638671875,41.56460156985285,40.958871659536406,40.9805067372365,2414284
2021-06-04,41.18241500854492,41.69440024125283,41.16799254062018,41.42037885229183,2409136
2021-06-07,41.514122009277344,41.586231595475205,41.02376912087962,41.232890771979555,2163689
2021-06-08,40.87234115600586,41.694402618964155,40.749751547056924,41.38432641791081,2485687
2021-06-09,40.5478401184082,41.01656069750518,40.057487212855975,40.8434938334496,2536834
2021-06-10,40.44688415527344,41.030981706030936,40.115175657669894,40.389194285705315,2583272
2021-06-11,40.61273956298828,40.61273956298828,40.04306446336674,40.309875991526376,2244936
2021-06-14,40.706485748291016,40.9444495989246,40.46851914685287,40.706485748291016,2240963
2021-06-15,40.72090530395508,40.850704758945334,40.40361652473253,40.70648283664457,2236093
2021-06-16,40.194496154785156,40.98050271421507,39.90605232073951,40.95886763863887,2751994
2021-06-17,40.60552978515625,41.67997750601548,40.555052523145655,40.57668484949177,4255710
2021-06-18,38.75228500366211,40.34593055082318,38.68017266506387,40.1584412212722,9157129
2021-06-21,38.83881759643555,39.01188170985643,37.713889855981826,38.2402975564108,3740121
2021-06-22,38.925350189208984,39.19215897237651,38.449419744540506,39.19215897237651,2541207
2021-06-23,38.564796447753906,39.24984854875546,38.50710932652251,38.93977236357375,2078825
2021-06-24,39.01188278198242,39.285904178368064,38.550374799104226,38.82439619548986,2231311
2021-06-25,39.271480560302734,39.42291234697532,38.95419451906429,39.19937097164088,1968328
2021-06-28,38.36288833618164,39.35080403713772,38.233088871728484,39.18494977718192,2180758
2021-06-29,38.629695892333984,39.13447126569217,38.391732048959305,38.406151766057,1881577
2021-06-30,38.12491989135742,38.535950591987266,37.59851220021402,38.36288648161914,3382152
2021-07-01,38.564796447753906,38.83881783831543,38.132133410702664,38.35567478783052,2221551
2021-07-02,37.836483001708984,38.694599292237406,37.7138933883165,38.65854449446482,2515438
2021-07-05,38.6729621887207,38.83160382949329,37.57687941677982,37.74273366669921,2512932
2021-07-06,37.43986511230469,38.608060151839034,37.30285580555625,38.58642507649669,3888630
2021-07-07,36.90625,37.620144264202445,36.55290642168653,37.49755741611281,4501859
2021-07-08,35.84982681274414,36.531272559371196,35.59383421355447,36.531272559371196,5747985
2021-07-09,36.725975036621094,36.725975036621094,35.84983003355698,36.055345392260676,4085902
2021-07-12,36.805294036865234,36.95672581415459,35.911120338520085,36.697126909770375,2984435
2021-07-13,36.653865814208984,37.15863845412554,36.50243127142944,36.971151866557186,3446871
2021-07-14,36.87740707397461,37.22353806196116,36.51685361763805,36.639443223210854,2325622
2021-07-15,36.57454299926758,36.73318464737551,36.25004434276688,36.70434246186786,2379431
2021-07-16,35.96881103515625,36.86298200329671,35.74887322225301,36.80529488477364,3241591
2021-07-19,34.461700439453125,35.619076718390104,34.11917300125016,35.402745192096155,5356223
2021-07-20,35.11429977416992,35.319815127703954,34.36074439481329,34.746536470773826,3413038
2021-07-21,36.22119903564453,36.30052123428871,34.912391010429076,35.20443842288764,3378416
2021-07-22,36.04092025756836,36.819716980809154,36.03731395307067,36.36541889225202,2795497
2021-07-23,36.466373443603516,36.78365946956892,36.06255261444399,36.31494166422032,2172496
2021-07-26,37.28843688964844,37.37497169764947,35.763297346789834,36.27167627747453,2908078
2021-07-27,36.949520111083984,37.12979684264492,36.415899775309576,37.12979684264492,2848419
2021-07-28,36.89183044433594,37.31728364324766,36.69713124305722,37.16585184807687,2060979
2021-07-29,37.54803466796875,37.75715632139264,36.77645053369864,36.812505327198245,2685256
2021-07-30,37.100948333740234,38.319617931482725,36.94230394498163,38.22587326987042,4458532
2021-08-02,36.740394592285156,37.62014307956729,36.610595139098486,37.47592391007484,2599987
2021-08-03,37.06489181518555,37.396600293685864,36.62501621287658,37.25237837887575,2875971
2021-08-04,37.50476837158203,37.605725647485094,36.935096015553775,37.26680452682177,2506064
2021-08-05,37.793209075927734,37.87253126783004,37.165846900307,37.576877575796885,2298270
2021-08-06,38.93977355957031,39.06236041520498,37.483137255578725,37.786003591460435,3701453
2021-08-09,39.09120178222656,39.12004671649628,38.658538771398106,39.06235684795684,1974824
2021-08-10,38.95419692993164,39.12005119476218,38.492688932002366,39.08399639819984,1890728
2021-08-11,39.495025634765625,39.65367003459634,38.824395991050686,39.0984173859934,2531344
2021-08-12,39.17052459716797,39.54550049620707,39.134469804161284,39.52386817056394,2278648
2021-08-13,39.21379089355469,39.5599218481069,38.99745939081009,39.22821336051157,1742758
2021-08-16,38.831607818603516,39.17052896240595,38.57922148862597,38.80997549054964,2128681
2021-08-17,38.11771011352539,38.67296274117235,37.94464325198688,38.67296274117235,2849085
2021-08-18,38.46384048461914,38.492685419558796,37.70667882268185,38.0600196478772,2115489
2021-08-19,37.43265914916992,37.95906685720124,37.08652816652486,37.569668470173845,3477745
2021-08-20,37.569664001464844,37.612931400700745,37.072101288870805,37.36775497330567,2451722
2021-08-23,38.009544372558594,38.17539863091837,37.77879038259677,38.081656713674505,2377260
2021-08-24,38.269142150878906,38.319619412743435,37.807634184800655,38.2547196830884,2017813
2021-08-25,39.04793930053711,39.06235901766858,38.168188012075376,38.326832408566375,2308781
2021-08-26,38.70180892944336,39.06236240671027,38.507112472427394,38.8676659496943,2032561
2021-08-27,38.55037307739258,38.694595003302005,38.1465549858115,38.67296267719715,1772273
2021-08-30,38.21866226196289,38.75228253031399,38.0888628115749,38.622483079926,1632868
2021-08-31,38.74507141113281,38.759493878486445,38.117709210673695,38.1898187966375,3752715
2021-09-01,39.51665496826172,39.76904401712841,39.03351469745541,39.11283689136196,3468246
2021-09-02,39.51665496826172,39.58155469502123,39.06956948992084,39.4589678504779,2563213
2021-09-03,38.84602355957031,39.44454353957635,38.651324388392595,39.32195394995888,2247047
2021-09-06,39.02629852294922,39.17052043043884,38.723434992944696,38.846021826288215,1415624
2021-09-07,39.177738189697266,39.41570203015826,38.91092666298066,39.019093795520305,2128400
2021-09-08,38.579219818115234,38.99746314774454,38.2619337669101,38.9397732743593,2849163
2021-09-09,38.75228500366211,38.95419405012829,38.08886524258054,38.4422088247008,2585889
2021-09-10,38.088863372802734,38.954192137871594,37.87974172734027,38.61527104010858,2921666
2021-09-13,38.95419692993164,39.06957392941396,38.341254385153036,38.398944260296524,2742693
2021-09-14,38.4998893737793,39.06235176482467,38.26192557403086,38.79554303456007,2609909
2021-09-15,38.6729621887207,38.93977096026022,38.355673405566726,38.4998953296545,3737528
2021-09-16,39.055152893066406,39.56713817512215,38.78834408775358,38.93977588935236,2654428
2021-09-17,38.608062744140625,39.52386880540289,38.608062744140625,39.32916961907427,7193199
2021-09-20,36.88461685180664,37.786000423446055,36.358206425261386,37.749942879936995,6340308
2021-09-21,37.03605270385742,37.6850472963138,36.87740829754813,37.086529969354984,3559610
2021-09-22,38.334041595458984,38.499895847609686,37.62735718380643,37.749944032907386,3130687
2021-09-23,39.199371337890625,39.321958189922036,38.64411869743211,38.85324035763165,3271987
2021-09-24,39.51665496826172,39.56713222787419,38.91813771108343,39.24984620305233,2790943
2021-09-27,40.74253845214844,40.74253845214844,39.53107868164852,39.7690452708702,4142484
2021-09-28,40.660980224609375,41.150335451983544,40.35698686864054,40.95014429145806,6204607
2021-09-29,40.97238540649414,41.10584617560305,40.223524716180926,40.831511407278114,3008697
2021-09-30,41.10584259033203,41.49139557541881,40.86116642057154,41.31344978439251,4578672
2021-10-01,40.698055267333984,40.77220171882688,39.94919449184225,40.20870000107257,3262085
2021-10-04,40.312496185302734,40.97980000710736,40.08264929099031,40.68321990221697,2174187
2021-10-05,42.17353439331055,42.17353439331055,40.2828438428954,40.371816750524964,3433936
2021-10-06,41.66935348510742,42.17353805275312,41.135510336212455,41.99558939365547,3120919
2021-10-07,42.32923889160156,42.94463886042353,41.543303504746824,42.11421843268879,4022752
2021-10-08,42.262508392333984,42.62581891949996,42.15870619268594,42.21060729250996,2512322
2021-10-11,42.50718688964844,42.84083600473256,42.2328492758979,42.262507854962465,2173487
2021-10-12,42.403385162353516,42.47011555624222,41.72125476117828,41.89178736147209,1991495
2021-10-13,41.78798294067383,42.47752936485128,41.395016657707394,42.336652524997014,2570059
2021-10-14,41.98817443847656,42.37372749369206,41.6174506732768,41.91402798839789,2301934
2021-10-15,42.81859588623047,43.337609735379516,42.38114171988458,42.38114171988458,3628158
2021-10-18,43.01136779785156,43.419166181467695,42.818592694285705,43.00395456742114,2531950
2021-10-19,43.078094482421875,43.24862988003764,42.65546967427276,42.81117578390466,1632341
2021-10-20,43.137413024902344,43.322774888079685,42.61839924232628,43.00395225714285,1695609
2021-10-21,42.69995880126953,43.02619466137214,42.388549401191874,42.84083279868707,1632139
2021-10-22,42.78893280029297,43.13741401616137,42.53684054744303,42.70737312607716,1472117
2021-10-25,43.1596565246582,43.51555097064247,42.74444775187538,42.81859136747298,1791042
2021-10-26,43.137413024902344,43.42657707891538,42.81117716393335,43.10775444797855,1776944
2021-10-27,42.87049102783203,43.25604403849768,42.47010872886415,43.04843965906138,1814428
2021-10-28,42.60356903076172,42.714787277617354,41.84729230597691,42.70737121934831,2673923
2021-10-29,42.9298095703125,43.4043354977504,42.381137198963906,42.610986932490604,3305280
2021-11-01,44.24216842651367,44.38304525359759,43.30794587466167,43.330188393296986,2958593
2021-11-02,44.06422805786133,44.205102073930554,43.61936065987584,44.03456947708951,2436253
2021-11-03,44.39787673950195,44.47943641639814,43.71574357415019,43.92335079581258,2451496
2021-11-04,43.804718017578125,44.94654497524572,43.300533510183016,44.48684833440818,3309849
2021-11-05,44.12354278564453,44.77601742647048,43.61194499054572,43.634187512124555,2996444
2021-11-08,44.034568786621094,44.635142310042575,43.90852406291418,44.11612846826576,2197950
2021-11-09,43.649017333984375,44.064228988364,43.433999689843034,43.89369638792183,3114717
2021-11-10,43.89369583129883,44.24217425891458,43.61194496838565,43.61194496838565,2432574
2021-11-11,44.10129928588867,44.41270872307496,43.85662306875464,43.9604252716841,1924097
2021-11-12,43.94559097290039,44.14578212504714,43.7528130508046,43.97524954989937,1781191
2021-11-15,45.39141845703125,46.377542196066486,43.54521287238036,43.737990813086576,4036684
2021-11-16,44.657379150390625,45.68799064356875,44.605478055654864,45.59160451242949,2863609
2021-11-17,44.62030792236328,45.005860937111095,44.61289186393487,44.78342726701747,2305448
2021-11-18,44.13095474243164,44.857572939901665,43.99008073819893,44.53133706401646,2823381
2021-11-19,42.796348571777344,44.50167717507542,42.04748504845408,44.434946790109954,6061153
2021-11-22,43.47848129272461,43.7602321369134,42.90756637378317,42.96688353188514,3210613
2021-11-23,43.66384506225586,43.94559591866004,42.959469335444346,43.300537352522205,3422449
2021-11-24,43.40433883666992,44.21992998364423,43.38209348758666,43.85662227992576,2890182
2021-11-25,43.54521179199219,43.96042341456723,43.20414661723292,43.597112891264345,2252988
2021-11-26,40.994632720947266,42.00300176776291,40.35698742202574,41.521059764141455,6938262
2021-11-29,41.06135940551758,41.876950445970124,40.99462902377891,41.59519963102939,4279493
2021-11-30,40.838932037353516,41.372772345150416,39.674856792395836,39.95660765076509,6784665
2021-12-01,41.95851516723633,42.218020667242016,41.15775048996536,41.209654418364316,3981614
2021-12-02,41.854713439941406,42.06973390145904,41.30604102579261,41.454331096784,3616387
2021-12-03,41.64710235595703,42.329235488046564,41.276378626977255,42.21801723799359,3232309
2021-12-06,42.51459884643555,42.64805961982968,41.869540327295674,41.906612135816786,3317500
2021-12-07,43.19672775268555,43.40433496468816,42.55908531327047,42.855662600077984,3616051
2021-12-08,43.100341796875,43.50072127713384,42.39596614166034,43.4562362395482,3158275
2021-12-09,42.57391357421875,42.9817119569738,42.41821027992921,42.9223948000648,2108997
2021-12-10,42.047489166259766,42.62582016873024,41.77315436937891,42.351482543451496,2229668
2021-12-13,41.52105712890625,42.31440567277605,41.372767073480645,42.114214522211114,1999697
2021-12-14,41.587791442871094,41.86954229196813,41.187409103901274,41.73608151231153,2791044
2021-12-15,41.43950271606445,41.93627404052555,41.32087122234803,41.72866680522337,2114058
2021-12-16,42.23284912109375,42.98912591408131,41.77315246086914,42.06231653469426,3846669
2021-12-17,41.64710235595703,42.55166915975491,41.202235012540335,42.15870291212358,6650342
2021-12-20,41.83246612548828,42.314408126468564,41.18740759963898,42.040073346481705,3470703
2021-12-21,43.6416015625,43.686086603609745,42.38114021043025,42.72220539146153,3520999
2021-12-22,44.004905700683594,44.0790521438587,43.33018862397689,43.59711016261209,2012595
2021-12-23,44.486846923828125,44.72410988115007,44.049392815941246,44.33855686840252,2387034
2021-12-24,44.301483154296875,44.642548287213316,44.301483154296875,44.390456052362595,450529
2021-12-27,44.76860046386719,44.90206123901189,43.90852148426672,44.138368397151034,1149917
2021-12-28,45.09483337402344,45.21346485207542,44.77601074643419,44.79825326469471,1517534
2021-12-29,45.013275146484375,45.154151975713496,44.813083990525335,44.99103262751036,1411777
2021-12-30,44.983619689941406,45.183810859789965,44.872404258957424,45.00586503885647,1538504
2021-12-31,45.05776596069336,45.072595250445445,44.50168032278051,44.635141102151415,407780
2022-01-03,45.3765869140625,45.59160736479022,45.22829685051242,45.30985652688485,2177649
2022-01-04,46.89655303955078,47.25986354869998,45.71023820469196,45.73248072397129,3614427
2022-01-05,46.955867767333984,47.652824514825475,46.955867767333984,47.08932570450633,3910434
2022-01-06,47.5935173034668,47.697319501944506,46.562902892472046,46.69636367005704,3645405
2022-01-07,47.823360443115234,47.838186903099995,47.14864337790641,47.45263671875,3446590
2022-01-10,47.452640533447266,48.11994442230798,47.32659581466123,47.97165152656362,3137609
2022-01-11,47.71955871582031,47.89750452133946,47.17088635394152,47.645415101586934,2376607
2022-01-12,48.43877029418945,48.68344934582116,47.964244309883334,48.08287297756189,3191797
2022-01-13,49.64732360839844,49.64732360839844,48.28306293225534,48.37944907020171,3697141
2022-01-14,49.1579704284668,49.4842034746503,48.631537737098,49.19503940857188,3351548
2022-01-17,48.97261047363281,49.78820160619505,48.90587725596008,49.676983347937565,2175118
2022-01-18,48.94295120239258,49.461962191196,48.468425253545014,48.70568822796879,2583320
2022-01-19,48.490665435791016,49.098652131990676,48.21632783676614,48.70568587987075,3220620
2022-01-20,47.53419876098633,48.74275612623647,46.777921986161175,48.19408657071869,3365869
2022-01-21,46.29597854614258,47.12640174069407,45.86594048860485,46.9039652391978,4637406
2022-01-24,44.56099319458008,46.377540117972615,44.004907574872014,46.10320533753467,4598614
2022-01-25,46.01423645019531,46.09579330568999,44.85016401085007,45.13932810581637,3903495
2022-01-26,47.41556930541992,47.956825653737134,46.4961731393099,46.56290352901465,3592168
2022-01-27,47.823360443115234,48.71309511887375,46.94845222734148,46.98552403409849,4330710
2022-01-28,46.548072814941406,47.638001537302365,45.962331443675914,47.53419934058184,4386592
2022-01-31,46.71118927001953,47.15605660789879,46.26632193214027,47.089326224377146,3259697
2022-02-01,47.615753173828125,47.66765426581875,46.93362009161269,47.33400236845236,2627765
2022-02-02,47.059669494628906,47.97164666974377,46.370123155417545,47.97164666974377,4933764
2022-02-03,47.18571472167969,47.58609701888103,46.28114793801686,46.926209248529304,4685476
2022-02-04,47.675071716308594,49.536100681184706,47.35624626871485,48.93553007678042,5753921
2022-02-07,48.7056884765625,48.85397571503591,47.39332322321115,48.19408788727684,4012413
2022-02-08,48.9355354309082,49.350744224389814,46.533244265259505,46.89655478795369,5928287
2022-02-09,49.46195983886719,49.543519512771105,48.334962178151244,49.269181913567465,4639837
2022-02-10,49.35074234008789,50.47032961610141,49.239529743791294,49.63249600216016,4697568
2022-02-11,48.11994171142578,48.84655706085412,47.245033474607304,48.727928407737245,5486958
2022-02-14,45.784385681152344,46.48876141115735,45.28761718604857,46.422031019295865,5870770
2022-02-15,47.10416030883789,47.334010059570424,45.561950929219684,45.59160950900411,5033747
2022-02-16,46.52582931518555,47.47488118338016,46.19959344259306,47.26727679431201,3417509
2022-02-17,45.98457336425781,46.53324291931655,45.561948524032296,46.21442310285672,3056110
2022-02-18,45.91042709350586,46.54807238564862,45.62867908454794,45.969744250169235,3610563
2022-02-21,45.27278518676758,46.51841720804684,44.7166995639964,46.20700778852816,3342508
2022-02-22,44.983619689941406,45.58419319948709,43.55262857817562,43.76764620943712,5123430
2022-02-23,44.1531982421875,45.72506615674625,43.752815911713796,45.22829768731973,3938029
2022-02-24,40.84634017944336,42.648057711235715,39.956602672766046,41.09843242586197,10862668
2022-02-25,42.077144622802734,42.37372474709786,40.015921526984414,41.15033526987756,8334214
2022-02-28,38.933406829833984,39.91953335864863,38.221617911404046,39.83056045094432,9992267
2022-03-01,36.28273391723633,39.38568985064757,36.115906535058684,38.948235718702676,9078086
2022-03-02,37.04642105102539,37.82864831801516,33.85819765927619,34.29194372815749,8546584
2022-03-03,37.63587188720703,38.85184809946746,37.25773492647802,37.843479099659966,6764882
2022-03-04,34.99261474609375,37.1835934793649,34.99261474609375,37.07237522233878,9905718
2022-03-07,33.58757019042969,34.24375279241531,31.934142653764038,33.36513651269128,11232668
2022-03-08,34.67379379272461,36.267907136792566,33.19460674079042,33.36513933576547,9239001
2022-03-09,38.12522888183594,38.295764294884236,36.723893567117955,37.43568531276963,8940185
2022-03-10,36.586727142333984,38.26610524744288,36.34204811405173,38.14747376268722,6489280
2022-03-11,36.35316848754883,38.16971535165704,35.30402246885487,36.6349193176238,6630303
2022-03-14,37.821231842041016,38.33283237461708,36.95003168479011,37.40602309490388,4571552
2022-03-15,38.02884292602539,38.55526997182524,36.64975012448954,37.29480865706679,5034069
2022-03-16,40.297672271728516,41.29121207870321,38.822193265527474,39.22257561200934,7170956
2022-03-17,39.33378982543945,40.79444232469271,38.64424341511973,40.408889280225935,4871296
2022-03-18,39.55622100830078,39.55622100830078,38.74804316072759,39.34120339367488,8395483
2022-03-21,39.08169937133789,40.03075415111208,39.05945685010186,39.452423143393986,2714810
2022-03-22,39.74158477783203,40.26059859232565,39.36344779819108,39.54880967276753,2800581
2022-03-23,38.72580337524414,39.800902837845875,38.70356085487788,39.741585679005425,3538842
2022-03-24,37.887962341308594,38.99272025066209,37.880549111542685,38.733214782893214,4128576
2022-03-25,37.07237243652344,37.97693922906183,36.96857024624478,37.91020884554018,5119946
2022-03-28,37.865718841552734,38.62940876552097,37.33929186150468,37.33929186150468,3252575
2022-03-29,40.29025650024414,40.7277106300969,38.199374816106584,38.54785603959541,5435672
2022-03-30,39.35602951049805,40.07523156812756,38.96306046358158,40.01591724665175,3173862
2022-03-31,38.50337219238281,39.526570621793006,38.28093848904964,39.311550149598474,3219374
2022-04-01,38.325416564941406,38.85184638881342,38.147470765985425,38.48853590431562,3136950
2022-04-04,38.06591033935547,38.35507437820701,37.49499549129587,38.31800257319481,2910334
2022-04-05,36.33092498779297,38.18454360961914,36.16780564398505,37.99918174743652,5970046
2022-04-06,35.06675720214844,36.32721848358281,34.51808765095786,36.13073535396465,7066223
2022-04-07,34.521793365478516,35.32997117746554,34.49954801926407,35.081584138787,5211726
2022-04-08,35.47455596923828,35.85269294363172,35.00373523044507,35.66362304223615,4548373
2022-04-11,36.1418571472168,36.912963216466856,35.73035356354959,36.39765743663093,3231849
2022-04-12,36.11590576171875,36.68682065582183,34.948125425071424,35.396703635607714,4048410
2022-04-13,36.27531814575195,36.594140795036864,35.86752258897289,36.01952068315656,2732176
2022-04-14,36.70535659790039,37.05012977334851,36.293853039191426,36.34946216330839,3045221
2022-04-19,36.883304595947266,37.29480817914508,35.99356704231962,36.51258085096889,3412914
2022-04-20,37.98435592651367,38.79994989160845,36.879600710958655,37.00564543111819,4927145
2022-04-21,38.85184860229492,39.26705737577929,38.117814361688765,38.33283480704183,3948277
2022-04-22,38.355079650878906,39.029796777084975,38.06591557227599,38.21420564110764,3333002
2022-04-25,37.70260238647461,38.495950946123784,37.43568367547668,37.71743167515187,3460198
2022-04-26,37.398616790771484,38.444057817815626,37.398616790771484,38.25869591352838,3419503
2022-04-27,36.883304595947266,37.70260373294175,36.6349203656272,37.576559017280005,5309178
2022-04-28,36.671993255615234,37.82123633325083,36.089957071975405,37.62104799405051,3204739
2022-04-29,36.85364532470703,37.11685881908492,36.32351030690441,36.872179813146424,3437157
2022-05-02,36.186344146728516,36.912962330874684,35.69328089835866,36.753551011040734,3142553
2022-05-03,38.051082611083984,38.06591189937608,36.935203415582,37.07237221098577,3913067
2022-05-04,37.821231842041016,39.02237870499548,37.80640538255537,38.40697598563514,3222145
2022-05-05,37.59138488769531,39.51914705490125,37.480166642957585,39.4524166737381,3557168
2022-05-06,37.509830474853516,38.34025091249539,37.34671111395324,37.72485093633154,3133331
2022-05-09,36.961158752441406,38.00659967112412,36.961158752441406,37.38378362413881,2879032
2022-05-10,37.75450897216797,38.51078583428576,37.38378518652579,37.65812282434758,4506868
2022-05-11,38.6664924621582,38.82219577527877,37.78416803101219,37.95470063515349,4616314
2022-05-12,38.11781692504883,38.533028554853125,37.354126883835214,37.71002135435411,3926995
2022-05-13,38.83702087402344,39.05945455852758,38.258689900235375,38.57009932125937,2968459
2022-05-16,38.78512191772461,39.11877104871257,38.24386555178661,38.58493074209309,2924645
2022-05-17,39.66743850708008,39.91211752279196,39.06686505538528,39.163254015671555,3029523
2022-05-18,39.54880905151367,40.00109247091914,39.25964498426039,39.63036872758977,3012460
2022-05-19,39.43758773803711,39.452417026027724,38.57750883336399,39.09652259944548,3457011
2022-05-20,39.823143005371094,40.16420816335934,39.400518172994865,40.01592093181498,4626704
2022-05-23,41.47846603393555,41.47846603393555,39.56450474799823,40.26880968990314,5302162
2022-05-24,41.128299713134766,41.526212827204695,40.3961380046113,40.74630348792797,3369613
2022-05-25,41.27950668334961,41.76496118094699,40.77813833230897,41.637629102547365,3151779
2022-05-26,41.94004440307617,42.131041004924725,41.14421814508928,41.37500848850618,2108082
2022-05-27,42.61649703979492,42.61649703979492,41.77292311894345,42.162876299304806,2563006
2022-05-30,43.21336364746094,43.571486057843316,42.719952235287515,42.90299190374159,2559104
2022-05-31,42.26633071899414,43.213362820926136,42.138998646164325,43.109904563053135,5405021
2022-06-01,42.05146026611328,42.91891102262813,41.99575267003001,42.79953586768608,3000173
2022-06-02,41.94004440307617,42.31408067996136,41.75700472803954,42.26633304741735,1999794
2022-06-03,41.82862854003906,42.34591377791025,41.67741961051797,42.23449858931757,2198101
2022-06-06,42.4016227722168,42.85524350408526,42.10716790180871,42.298167542728415,2336664
2022-06-07,41.7410888671875,42.32204168553375,41.502341591075336,42.18674963970719,2277614
2022-06-08,41.446632385253906,41.637628984393245,40.96913481573314,41.46254623865201,3029462
2022-06-09,40.738346099853516,41.83658721411901,40.54734949309902,41.26359132218287,2837990
2022-06-10,38.677154541015625,40.42797289842506,38.39861656781159,40.3563484144817,4828542
2022-06-13,37.14120864868164,38.04845309980621,36.90246138715881,37.789808968224754,5468632
2022-06-14,37.670433044433594,38.15986750094544,37.07356338498972,37.8017450981119,3826672
2022-06-15,38.42646789550781,39.4013537749034,38.30709275132891,39.37349997937313,3914498
2022-06-16,37.817665100097656,38.45034553399384,37.51923024580633,38.37474410194207,2977303
2022-06-17,37.99274826049805,38.99946802737804,37.773894817334416,38.23945246642466,6469429
2022-06-20,38.474220275878906,38.661239926708085,37.594832651113684,37.96091199035931,2739853
2022-06-21,39.27800369262695,39.691833701534776,38.26332705860071,38.38269917304346,2737509
2022-06-22,39.02731704711914,39.38543943942772,38.05640812482388,38.50604882882266,2549010
2022-06-23,37.19691848754883,39.17852405551517,37.161104729371274,38.96365061395809,4410938
2022-06-24,38.1479377746582,38.40657891376965,36.95817517706429,37.63462940660828,3206957
2022-06-27,38.044471740722656,38.73683968481333,37.73410000840049,38.26332516009651,2131109
2022-06-28,38.12803268432617,38.80846371324073,37.97682680095716,38.45034132017096,2000150
2022-06-29,37.46750259399414,38.020601613873005,37.26058606181947,37.72216675987349,2391623
2022-06-30,36.102657318115234,37.12529387556014,35.26306042449608,37.0855001364291,6778136
2022-07-01,36.05888748168945,36.58015268953454,35.53364229267045,35.732598849660015,2923835
2022-07-04,36.035011291503906,36.305592335406665,35.660975021870826,36.202137109676336,1926639
2022-07-05,34.94075012207031,36.926338778169075,34.606504558219726,36.866651202956845,4253514
2022-07-06,34.56671142578125,35.57741104466331,34.32000421562019,35.223265599498255,3260699
2022-07-07,35.45405578613281,35.71269990234203,34.93677058955032,35.20735161275081,3469291
2022-07-08,36.17825698852539,36.289672166680724,34.89299942301589,35.33866013563723,2940913
2022-07-11,34.9964599609375,35.58537275252589,34.77760955223581,35.179502679552826,3271985
2022-07-12,34.86912536621094,34.96462670013789,34.065342205260755,34.88504225519876,4051308
2022-07-13,34.00565719604492,34.87708795989679,33.40083054805767,34.733838984035216,4133839
2022-07-14,32.71243667602539,34.14890325772668,32.56520773122169,33.91015599694359,4301820
2022-07-15,33.08647537231445,33.19789055626488,32.362273640800595,32.73630989608616,4158222
2022-07-18,33.7828254699707,34.19665549101211,33.50030751091899,33.73905478264081,3976686
2022-07-19,34.936771392822266,34.99247898395298,33.3172651973258,33.424700398553306,3729350
2022-07-20,35.434165954589844,35.74055773336423,34.60252592219715,35.2352093867052,4481824
2022-07-21,35.43814468383789,36.13847268807531,34.35184346857974,34.93677629333557,4486269
2022-07-22,34.86912536621094,35.57343328370048,34.721899455786826,35.19939398207697,3028163
2022-07-25,35.593326568603516,35.82013692046549,34.80546030880347,35.12378897613747,2731324
2022-07-26,35.26704025268555,35.48987367385813,34.94473158306183,35.473956784071774,2306753
2022-07-27,35.306827545166016,35.768405121303225,35.179495485972744,35.48588720983801,2571387
2022-07-28,35.57343292236328,35.91563844253519,34.88504190085389,35.61720360767616,3569601
2022-07-29,36.60800552368164,37.07356312619737,36.42098587929428,36.528424117312404,4012824
2022-08-01,36.4965934753418,37.34812734714738,36.484656566944686,36.866652814833856,2458967
2022-08-02,36.92634201049805,37.0337772266154,36.20214018959295,36.46078131175899,3021875
2022-08-03,37.610748291015625,37.63860208911111,36.52842711085097,36.9462340822832,3426642
2022-08-04,38.462284088134766,38.51799168272215,37.61472718964519,37.61472718964519,3631979
2022-08-05,38.86815643310547,39.035279226729365,38.135994661867386,38.42647259578774,3142565
2022-08-08,38.60155487060547,39.28994290825063,38.422492134669504,39.154653896768494,2072528
2022-08-09,38.60155487060547,38.93182047221505,38.35086764746239,38.597574889139416,1721651
2022-08-10,39.18250274658203,39.23025037479864,38.46625796497307,38.58563310718655,2458219
2022-08-11,39.43716812133789,39.584397063245376,39.20637779159191,39.333709863893816,2161150
2022-08-12,40.13351821899414,40.28472411430377,39.57245925290579,39.63214682910356,3221801
2022-08-15,39.854976654052734,40.27676355906948,39.43716669414433,40.268803597180884,1767850
2022-08-16,39.89476776123047,40.30859774439818,39.771412637391904,40.02209983021776,1976129
2022-08-17,39.37350082397461,40.396137390145554,39.16260736245923,40.189223909744456,2222740
2022-08-18,39.01935958862305,39.401355819648906,38.919881308590185,39.35360818816829,2011446
2022-08-19,37.929080963134766,38.96763451727657,37.761958170380915,38.77663487138904,3502588
2022-08-22,36.99000549316406,37.72216725658527,36.3971157587789,37.72216725658527,3432582
2022-08-23,37.10540008544922,37.51127015007972,36.63188248018337,36.67565316819129,2330432
2022-08-24,37.13325500488281,37.21283642048035,36.619946677520424,36.97806911938214,1488730
2022-08-25,37.11335372924805,37.59483125474184,36.87460647494844,37.55106057060604,1575288
2022-08-26,36.48863220214844,37.63462394049769,36.28171871374438,37.31231224616886,2273072
2022-08-29,36.4170036315918,36.47669120057173,35.796260200206554,36.17427944652223,2105680
2022-08-30,36.91837692260742,37.917139653380204,36.61198517145544,36.747274168218745,3238470
2022-08-31,36.993980407714844,37.610743874791,36.81491769598104,37.20487385936573,3797421
2022-09-01,36.59209060668945,36.918379247720246,36.15836675768837,36.63586129330155,2158502
2022-09-02,37.78582763671875,37.94897346502807,36.743294221127485,36.98602145515509,2718913
2022-09-05,36.97408676147461,37.00592054000219,36.45680152166448,36.7671732727178,2335144
2022-09-06,37.053672790527344,37.45556287721876,36.74329799038026,36.98602524930765,1843576
2022-09-07,37.01785659790039,37.12529483900465,36.37721623996684,36.63188039066682,2197475
2022-09-08,37.753997802734375,38.0882464204959,37.04571289603321,37.340167770943914,3900572
2022-09-09,38.740821838378906,39.39737909748323,38.06834769007879,38.1917028223871,3859842
2022-09-12,40.23697280883789,40.300637324690435,38.93977528362627,38.999462854375246,3984384
2022-09-13,40.02210235595703,40.61897203622184,39.75550129403943,40.427972402769186,2999069
2022-09-14,39.99026870727539,40.33247423460256,39.488897324194824,39.58837560456118,2742837
2022-09-15,40.07780838012695,40.38022318965012,39.4212511503848,39.66795836813212,4252554
2022-09-16,39.254127502441406,39.75549885311457,39.01140027116989,39.55256232425038,5528043
2022-09-19,39.27800369262695,39.62020921853465,38.63736332685809,39.11088091090539,1461626
2022-09-20,38.54981994628906,39.671934764270524,38.54981994628906,39.46104130749014,3029883
2022-09-21,38.17180252075195,38.36280213809667,37.72216182577391,38.199656315381816,2577821
2022-09-22,38.3747444152832,38.91988347730467,37.352107760994905,37.41577228512867,2696429
2022-09-23,37.32823181152344,38.45034677854574,36.9939862210998,38.45034677854574,3892872
2022-09-26,36.77513122558594,37.39587778084979,36.353344273752995,36.902463307413036,2675534
2022-09-27,35.899723052978516,37.40383419774998,35.891763090314946,37.268545190831865,3415273
2022-09-28,34.49906921386719,35.84401761640253,34.288175728125275,35.454061389981234,5605309
2022-09-29,33.850467681884766,34.65823079836959,33.47642839214851,34.55477254115478,3692206
2022-09-30,34.702003479003906,34.702003479003906,33.94199098424452,34.04544621157462,3760558
2022-10-03,34.92085647583008,35.16756066881097,33.57988816028852,34.097176433801835,3177201
2022-10-04,36.1901969909668,36.1901969909668,35.386413825638414,35.533642772700645,4372071
2022-10-05,35.10787582397461,36.1344893637251,34.932793080152834,36.0350110839784,2810487
2022-10-06,34.72587585449219,35.5296620386251,34.60252376157358,35.21531031669551,2506012
2022-10-07,34.709964752197266,35.15164554735388,34.34786233536094,34.542838925130155,2734191
2022-10-10,34.845252990722656,35.20735539952921,34.26828016129074,34.32398775713232,2617328
2022-10-11,34.03350830078125,34.40754760101444,33.66742896293046,34.391630712085785,2782908
2022-10-12,33.69926452636719,33.86638731521904,33.0466872248955,33.86638731521904,2914797
2022-10-13,34.57069396972656,34.777610511330046,33.18595788413724,33.24962241058999,4126814
2022-10-14,35.06410598754883,35.77637085209225,34.92483396386023,35.4142684478399,3511718
2022-10-17,36.11459732055664,36.46475978973203,35.26306344655578,35.382435566670964,2828882
2022-10-18,36.7432975769043,37.29639962975465,36.26182304591261,36.5443410086018,3058586
2022-10-19,36.54036331176758,37.09744229872829,36.30559298736263,36.92235955075417,2237308
2022-10-20,36.92235565185547,37.10937528819974,36.245901583464764,36.37323668551698,2184488
2022-10-21,36.91041946411133,37.009897737650775,36.194174680292896,36.65177534574156,2530135
2022-10-24,37.375980377197266,37.77389350671674,36.93031657923441,37.145190033475274,2552287
2022-10-25,37.670433044433594,37.83755582047722,36.93827438605042,37.55901786040451,2209328
2022-10-26,37.586875915527344,37.92112454132569,37.42771004780606,37.757978692056355,2184367
2022-10-27,37.722164154052734,37.96886834004827,36.982045524393904,37.59085209876317,3169911
2022-10-28,37.630645751953125,37.73808096462348,36.95419462426845,37.37598158370692,2262537
2022-10-31,37.797767639160156,37.98478729733234,37.45158515651796,37.642581760216494,1832430
2022-11-01,38.07232666015625,38.78857147576266,37.98876527097486,38.15588804933765,2333452
2022-11-02,38.10416030883789,38.617468585647174,37.88928686488265,38.43044893799153,2352678
2022-11-03,39.3018798828125,39.345650571503484,37.94499764090109,38.27924322453803,3910416
2022-11-04,40.29268264770508,40.65080505635269,39.34564749641071,39.67193612743718,4682120
2022-11-07,40.340431213378906,40.82588570792767,39.75152149291755,40.030059463968705,2305872
2022-11-08,40.340431213378906,40.5075570318458,39.95047805390728,40.01414257478918,1674044
2022-11-09,39.99822235107422,40.55530128257069,39.61224920503398,40.24492955903527,1815729
2022-11-10,40.46776580810547,40.92138655251075,39.84702227067433,40.09372951454802,3325677
2022-11-11,41.19196701049805,41.41480043377237,40.56326655510712,40.82588764946812,3406809
2022-11-14,41.526214599609375,41.66150360696616,40.969135608967235,41.446633187733184,2326226
2022-11-15,41.75700759887695,42.003711812878855,41.35909444252657,41.645592400832676,2472530
2022-11-16,41.45458984375,41.78883541444979,41.247676352721975,41.7012970762924,2392345
2022-11-17,41.78883361816406,41.8206673956727,41.15217324717197,41.67741843271996,2014820
2022-11-18,42.425498962402344,42.56874793189671,41.98779209126052,42.04350272236278,3488225
2022-11-21,41.876373291015625,42.52895052431106,41.81270877441499,42.18674501955418,2304354
2022-11-22,41.733123779296875,42.051455465577845,41.52621030829941,41.84454199458038,2193598
2022-11-23,41.97187805175781,42.06737635238576,41.63762944580564,41.86045982588293,1838265
2022-11-24,42.3618278503418,42.544867510264055,42.13899748797314,42.25041266915747,1940313
2022-11-25,42.44141387939453,42.727908769231995,42.01962391733682,42.696078027585244,1853140
2022-11-28,42.019622802734375,42.751784486238606,42.019622802734375,42.57670175056315,2326623
2022-11-29,42.63241195678711,42.79157781390639,41.876376412347675,42.20266505331591,2007813
2022-11-30,42.52099609375,43.01440751074839,42.2583719782894,42.81545095146109,3479986
2022-12-01,41.884334564208984,42.895034222011155,41.884334564208984,42.8234097411957,3118973
2022-12-02,41.979835510253906,42.26633345160271,41.470507186005484,41.49438100250579,3186583
2022-12-05,41.63762664794922,42.266330076162724,41.597835945014346,41.91616460432936,1915379
2022-12-06,41.74904251098633,41.804750103170356,41.26358803409457,41.58191973443424,1969471
2022-12-07,41.38296890258789,41.892297264885904,41.168095430524076,41.661506902020705,2131657
2022-12-08,41.38296890258789,41.661506902020705,41.271553702814764,41.589882411332766,1764207
2022-12-09,42.091251373291016,42.091251373291016,41.27155127811474,41.621713747663485,2243527
2022-12-12,41.92412567138672,42.21062359740651,41.74108600439321,42.01166704165233,1756729
2022-12-13,42.68016052246094,43.038282924380944,41.94004190377162,42.20266297462225,3030839
2022-12-14,42.58466339111328,43.04624409596175,42.52895579374693,42.79157992633375,2177111
2022-12-15,41.12034225463867,42.536915091352554,41.05667773114569,42.401623045695935,4148176
2022-12-16,41.812713623046875,41.812713623046875,40.666721832985566,40.993010487469945,7100962
2022-12-19,41.5421257019043,42.09920461493959,41.47050122685925,41.80474675317892,2071760
2022-12-20,42.131038665771484,42.21062310865332,41.25563104492383,41.4545875983743,3012487
2022-12-21,42.990535736083984,43.07807711206023,41.81271321348616,42.08329426839622,2745649
2022-12-22,42.82341384887695,43.39640671452685,42.67220491052009,43.070118056366354,2009654
2022-12-23,42.81544876098633,43.18948804477787,42.75178424390633,42.974614607440344,1163360
2022-12-27,42.97461700439453,43.20540734283363,42.91094944792739,43.046241487501966,965885
2022-12-28,42.62445068359375,43.1258189840155,42.61649072183955,43.093988244506434,1272926
2022-12-29,42.902992248535156,42.98257365777696,42.393663943380794,42.5289529462591,1373142
2022-12-30,42.37774658203125,42.84728417733133,42.36978965553022,42.77565969547755,1445544
2023-01-02,43.7147331237793,43.84206519351546,42.77565797103664,42.90299004077279,1815541
2023-01-03,44.57422637939453,44.86072431161035,43.66698495126856,43.75452632342741,2816969
2023-01-04,46.404632568359375,46.64337985079315,44.86072760600393,44.86072760600393,4045737
2023-01-05,46.643375396728516,46.929873322625376,46.10221332244248,46.23750232309593,2872672
2023-01-06,47.041290283203125,47.0810809886712,46.47625437238235,46.53196196720489,2907109
2023-01-09,46.96966552734375,47.29595416763256,46.69908448155525,47.15270520010711,2782877
2023-01-10,46.436458587646484,46.74683336264636,46.22158818040701,46.714999585338255,2572775
2023-01-11,46.63541793823242,46.98558343794459,46.30912929085098,46.57971034252117,2443551
2023-01-12,47.49490737915039,47.59836563413951,46.993536028180344,47.08107739502991,2719523
2023-01-13,47.638160705566406,47.7416189700439,46.92987581549581,47.638160705566406,2728685
2023-01-16,47.399410247802734,47.93261235228349,47.399410247802734,47.74957268794669,1702088
2023-01-17,47.34370422363281,47.566534598754615,46.99353873605721,47.40736874402354,2486995
2023-01-18,47.463077545166016,48.410112735196634,47.31187164903502,48.17136242910862,3025726
2023-01-19,46.87416458129883,47.35961601513286,46.38075014952883,46.945789061017955,3488537
2023-01-20,47.471038818359375,47.574494048961625,47.17658090894466,47.319829882217675,2382700
2023-01-23,47.90874481201172,48.139535172164045,47.59041307139909,47.72570512370223,1784574
2023-01-24,48.3464469909668,48.46582214848892,47.75753420214011,48.17136423615739,1841156
2023-01-25,48.537445068359375,48.537445068359375,47.35961952874287,48.26686401777227,2128499
2023-01-26,49.1263542175293,49.341227670070275,48.74435798051297,48.82393939145279,2841249
2023-01-27,49.3651008605957,49.78689083357295,49.15022741077775,49.34122704478355,2429677
2023-01-30,49.428768157958984,49.56405716129986,49.134313299754126,49.26164537647808,1793454
2023-01-31,50.05746841430664,50.21663122315764,49.349180557241375,49.85851186740691,3056957
2023-02-01,50.28825759887695,50.51109100418074,49.91422134096135,50.009719637042345,2744729
2023-02-02,49.02289581298828,50.71800657646719,48.4021523091099,50.28825967262698,4348984
2023-02-03,49.1183967590332,49.237768874150646,48.24298606899094,48.545400891793626,3156908
2023-02-06,48.3464469909668,48.81598462227137,48.1156566388701,48.60907112318091,2881745
2023-02-07,49.6118049621582,50.27233912330214,47.359615380169444,48.736397364737755,3829578
2023-02-08,50.81350326538086,51.12387500747933,49.80280663089882,50.176842892379376,3805555
2023-02-09,51.25917053222656,51.49791475889167,50.68617163771847,50.82942060238646,3342155
2023-02-10,50.606590270996094,51.29895824357747,50.20867715455041,51.03633412952196,2799846
2023-02-13,50.391719818115234,50.86125744485474,50.28030462462388,50.733925361459434,2157758
2023-02-14,51.23529052734375,51.4660808627604,50.415590481499414,50.5986331860272,2298323
2023-02-15,51.092044830322266,51.243253766703134,50.49517815518908,51.02042337940881,1899481
2023-02-16,52.3653678894043,52.46882311256727,51.338751333381914,51.338751333381914,3307863
2023-02-17,52.07090759277344,52.27782410120129,51.680954461702136,52.0629476308453,2752714
2023-02-20,52.12661361694336,52.44494529611401,51.999278516606395,52.24598875559133,1462503
2023-02-21,52.04703903198242,52.15845422353411,51.06021616180788,51.90379006117704,2041804
2023-02-22,50.90104675292969,51.99928480359588,50.57475810845589,51.86399579688452,3352806
2023-02-23,51.561580657958984,51.7923709864904,50.948791078696104,50.972670965100406,2452406
2023-02-24,50.8453369140625,51.84807965535382,50.8453369140625,51.62524928432735,3831674
2023-02-27,52.094783782958984,52.28578037624204,51.139794744871516,51.139794744871516,2439951
2023-02-28,52.6439094543457,53.3362744296817,51.6252527909348,51.78441561771551,3849072
2023-03-01,50.45538330078125,51.65708258682004,50.216633007350005,50.37579885769214,4959378
2023-03-02,50.4315071105957,50.65434051832826,49.4685581053734,50.137052256898826,3652068
2023-03-03,51.13979721069336,51.33079381318574,50.55088444202994,50.55088444202994,3249357
2023-03-06,51.68095779418945,51.69687164739993,51.115921894296285,51.545662719374874,3164372
2023-03-07,50.86921310424805,51.87195589235494,50.718007207682966,51.728706922625385,3295274
2023-03-08,50.93287658691406,51.35466349968192,50.55088037681253,50.61454489391144,1940506
2023-03-09,49.85055160522461,51.036330917537185,49.79484401529508,50.85329429562812,2765650
2023-03-10,47.94853591918945,48.46582424302568,47.009460615996495,47.3516661774568,6856373
2023-03-13,44.685646057128906,47.94853253389781,44.44689574862304,47.88486497540658,10002668
2023-03-14,46.06242370605469,46.53991823659948,44.16835640133277,44.470771223123776,7140995
2023-03-15,41.406837463378906,46.14996406566885,40.40409775690374,46.0624226952948,13047147
2023-03-16,41.948001861572266,43.770444744062104,40.83384690777064,42.95870158632642,8644803
2023-03-17,41.128299713134766,43.03828387500488,39.99026796402788,42.711992207064846,12469201
2023-03-20,41.82862854003906,42.441415113135,37.419750413090874,39.07506742444934,10905686
2023-03-21,43.56352615356445,43.86593791425076,42.759740016777755,42.89503204515715,6659062
2023-03-22,43.348655700683594,44.35935537664364,43.078074661168024,43.6431105556212,4711648
2023-03-23,42.4016227722168,43.5078208038201,42.24245994659273,42.743828311813886,3873255
2023-03-24,40.16535186767578,42.282249574336525,39.345648764609024,42.115123754356716,10854004
2023-03-27,41.21583938598633,41.77291832990136,40.11759838636367,41.54212800464804,4539832
2023-03-28,41.35908889770508,42.4095792467688,40.41205376962045,42.00370618163652,5222051
2023-03-29,42.473243713378906,42.54486819326667,41.43867025398369,41.71720821141608,3732322
2023-03-30,43.39640426635742,43.873901835937176,42.72791009761473,42.91094977007763,4314925
2023-03-31,43.937564849853516,44.07285688580286,42.88707448298377,43.770442072359714,5196347
2023-04-03,44.4071044921875,45.11538937452585,43.98531754783686,44.06489895912844,4194961
2023-04-04,44.83685302734375,45.60880549541651,44.55831504187232,44.73339476023878,3970103
2023-04-05,44.43098068237305,45.298428374372534,44.255897937136204,45.2347638534549,3415146
2023-04-06,45.54513931274414,45.69634521859609,44.749313003517436,44.82889745594197,3534417
2023-04-11,45.29842758178711,46.2613796279048,45.27455376634024,45.943047921377875,3216583
2023-04-12,45.41780471801758,45.95100989440595,45.29047263700243,45.521262982541224,2922765
2023-04-13,45.791839599609375,46.14996199148206,45.314342065167125,45.38596654354166,2548133
2023-04-14,47.264122009277344,47.383497164919355,45.66451253152499,45.943050513574605,4096092
2023-04-17,46.30912780761719,47.59040853961037,46.27729706525618,47.486950278387596,3324472
2023-04-18,47.28003692626953,47.574491785840685,46.52400138903466,46.52400138903466,3174581
2023-04-19,47.43124008178711,47.62223970465343,46.866204211054765,47.20840971830641,3029795
2023-04-20,46.83436965942383,48.059942709954576,46.547874783620294,47.74957098429044,2922620
2023-04-21,46.68316650390625,46.96170446991391,46.30912720455069,46.794581690309315,3385239
2023-04-24,47.065162658691406,47.31982680889546,46.444419172048526,46.555834358283285,2206738
2023-04-25,45.94304656982422,46.531959298823544,45.68042550012602,46.46829174505667,3051349
2023-04-26,45.84754943847656,46.16587810788093,44.96418184047852,45.712257401206706,4370114
2023-04-27,46.7468376159668,47.04924942040083,45.44963991307725,45.79980238781809,3348552
2023-04-28,46.62746047973633,47.14474876068453,45.48942869031928,46.74683563252014,3943712
2023-05-02,45.33026123046875,47.192494725922955,45.32230430395451,46.68316642559978,4337766
2023-05-03,44.797061920166016,45.815718584605364,44.43098256086267,45.04376612342699,3463053
2023-05-04,44.518516540527344,45.20292755834456,44.20814480822327,44.53443342882961,3964184
2023-05-05,46.07038497924805,46.18976014106488,44.876645504425575,44.94031306695095,3500140
2023-05-08,46.38871383666992,46.69112563235804,46.12608971133224,46.285255571915414,2212553
2023-05-09,46.492164611816406,46.89803766921423,46.08629459025458,46.42054316904314,3284317
2023-05-10,46.09425354003906,47.26411906340482,45.863466241798,46.73091694933283,3164316
2023-05-11,45.64063262939453,46.635415407156714,44.996015332339745,46.30912677748416,3124670
2023-05-12,46.54787826538086,46.86620694091872,46.00671617754667,46.01467310420474,3047458
2023-05-15,46.66725158691406,47.096998497629876,46.20567393290678,46.94579260052747,2098800
2023-05-16,46.50012969970703,47.03333184914744,46.348923799679824,46.364837653715256,2817527
2023-05-17,46.65929412841797,46.73887553949433,45.95100924799517,46.2375041493718,3034253
2023-05-18,47.463077545166016,47.78936618953855,47.184539569178334,47.20841338545263,3280289
2023-05-19,47.63019561767578,48.13952692253966,47.35165766924987,47.66998935531029,4601652
2023-05-22,48.787967681884766,48.949713391836895,47.56209452031292,47.69830228854875,5860566
2023-05-23,48.59217071533203,48.77945437277142,48.07287756810348,48.66027297782378,2969892
2023-05-24,47.706817626953125,48.50703786823379,47.596147799212915,48.01328592072639,3744865
2023-05-25,47.82600021362305,48.14098008011,47.02577995236314,47.706818818057684,3172646
2023-05-26,47.936668395996094,48.25164825165359,47.076854219065666,48.07287616445199,2544293
2023-05-29,47.757896423339844,48.72838049528742,47.52804843644261,48.64324860435364,1989836
2023-05-30,47.06834411621094,48.14949473266858,46.86403083345657,47.75789454467683,3961516
2023-05-31,45.97867965698242,47.28968152639484,45.876524637175464,46.719312481069025,5349242
2023-06-01,46.370277404785156,46.78741227465017,46.03827117235604,46.16596412850989,2737440
2023-06-02,48.081390380859375,48.22611296951533,46.71931262118329,46.8640319623897,3325828
2023-06-05,47.60465621948242,48.4048796553528,47.238600501043905,48.25164551858823,2820715
2023-06-06,48.0728759765625,48.28570081690861,47.230088179914205,47.28967887541516,2602283
2023-06-07,48.31975173950195,48.36231930677826,47.74938270943317,48.35380449434322,2621472
2023-06-08,48.53257369995117,49.14551026084616,48.49000938265552,48.6943226521036,2574474
2023-06-09,47.732357025146484,48.72837901029575,47.28968094813009,48.66878506473343,2612630
2023-06-12,48.03882598876953,48.75391762340502,48.013288045641325,48.14949582140763,2954193
2023-06-13,48.25164794921875,48.46447278906271,47.77491913888651,48.21759519545587,2974169
2023-06-14,48.966739654541016,49.31577226279651,48.13246667011202,48.14949304703294,3298383
2023-06-15,47.91964340209961,48.702837281463765,47.613175102366,48.60068226403572,2937664
2023-06-16,48.15800476074219,48.26867458734584,47.63871162912045,48.0984140650593,8271686
2023-06-19,48.36231994628906,48.90715104115609,47.97923456788272,48.115442341599476,2390814
2023-06-20,48.294212341308594,48.46447286293314,47.766407646976894,48.18354251513524,2289036
2023-06-21,48.55812072753906,49.01782320349082,48.23462603178231,48.336781055066155,2554634
2023-06-22,47.43440246582031,48.07287700045738,47.102396227400945,48.07287700045738,3122823
2023-06-23,46.69377136230469,47.19603814434775,46.27663646977288,47.12793588018828,3075836
2023-06-26,47.01726150512695,47.16198407958942,45.71477457221083,46.736334415504494,2892775
2023-06-27,47.3918342590332,47.76640805933067,46.88105593719949,47.45142820244819,3308505
2023-06-28,47.553585052490234,48.08990458432758,47.29819588171752,47.84302697868584,3213637
2023-06-29,48.34529495239258,48.60919569483188,47.61317692991662,47.61317692991662,3651226
2023-06-30,49.13699722290039,49.67331345015179,48.56662499640476,48.60918931242404,5687909
2023-07-03,49.741424560546875,50.20112701925028,49.171052269759436,49.4775205755617,2386997
2023-07-04,49.28172302246094,50.2777450349247,49.27321145711832,50.056405366621824,1270228
2023-07-05,48.813507080078125,49.15402813455271,48.532576723019176,48.77945432514078,2797200
2023-07-06,46.61715316772461,47.8770791226856,46.268120547721075,47.75789448022754,6672168
2023-07-07,46.92361831665039,47.43439986482171,46.182988806368606,46.489457085781545,3310169
2023-07-10,47.11941909790039,47.579121539696835,46.63417871404284,46.71079578767558,2493724
2023-07-11,47.8089714050293,47.911126417826665,47.05131550250428,47.247113963469786,2535717
2023-07-12,48.2686767578125,48.52406592900155,47.68979290447757,47.8089743012025,4296194
2023-07-13,48.53257369995117,48.73688696939925,48.13246522043295,48.26867298424858,2670516
2023-07-14,48.226112365722656,48.78796984048576,48.1665216674485,48.472986723951514,2209915
2023-07-17,48.27718734741211,48.72837822975997,48.0303097463566,48.200570272858656,1677982
2023-07-18,49.043357849121094,49.111460110913676,48.251649165154646,48.42190969081023,1910941
2023-07-19,49.34130859375,49.64777687342348,49.119972195902065,49.34130859375,1892365
2023-07-20,49.41792678833008,49.83506490014545,49.23915470360177,49.366850905521595,2028378
2023-07-21,49.38387680053711,49.775476992879554,49.051870553890936,49.349827292574304,3090044
2023-07-24,49.69034194946289,49.73290626730107,48.71986121397556,48.87309535615244,1838833
2023-07-25,49.87763214111328,50.039377858567235,49.6562957252579,49.77547712206076,1388311
2023-07-26,49.47751998901367,50.039377460507254,49.000794405594554,49.7839882911828,2636487
2023-07-27,50.95026397705078,51.5802269147716,50.133017393615056,50.226660840197134,5221786
2023-07-28,51.231197357177734,51.70792618286528,50.83960041863945,51.00134613304889,3477639
2023-07-31,51.09498977661133,51.503613094110335,50.873650116643454,51.231197549110995,2410299
2023-08-01,50.14153289794922,51.333350036721704,50.08194220338306,50.950264680618325,2469141
2023-08-02,49.043357849121094,49.76696102384554,48.71986317512043,49.375364088052294,3537471
2023-08-03,49.62224197387695,49.69034423606204,48.524064986891034,48.65176119373105,2629468
2023-08-04,50.473541259765625,50.71190404811606,49.715885327552236,50.02235037795304,2588979
2023-08-07,50.69487380981445,50.9758041439313,50.184095517264616,50.26071258589201,1710037
2023-08-08,49.171051025390625,50.03937678737254,48.47298578981781,49.72439692435783,4102500
2023-08-09,49.84357833862305,50.35435991805544,49.74142332171635,50.150046636792595,2608353
2023-08-10,51.33335494995117,51.503615485343055,50.15004926252448,50.2096399627942,3238523
2023-08-11,50.69487380981445,51.231193290206214,50.4054319113831,51.09498552902964,2591264
2023-08-14,50.805545806884766,51.16308997749544,50.524615460734104,50.609747344771876,1960447
2023-08-15,50.03937530517578,51.02688243215867,49.82655046533077,50.89067466455584,1999256
2023-08-16,49.78398513793945,50.19260843246688,49.511569608254504,49.68183012616991,1853675
2023-08-17,49.903167724609375,50.46502517400807,49.528597174160026,49.64777856532803,2241534
2023-08-18,49.562652587890625,49.84357970394159,49.00930667354394,49.63926966453171,2779188
2023-08-21,49.6648063659668,50.3628716034896,49.54562497138234,49.579677726249166,1862482
2023-08-22,49.84357833862305,50.60974908404692,49.84357833862305,49.93722179055813,2034228
2023-08-23,49.80952453613281,50.66933871540623,49.62224088365146,50.15855714671773,2103839
2023-08-24,49.749935150146484,50.371383314748186,49.71588564263023,50.12450895987041,2343960
2023-08-25,49.6392707824707,50.28625691843897,49.605218025985636,49.9457358484875,1851658
2023-08-28,50.652313232421875,50.92472877488433,50.11599371243981,50.12450852483206,2279296
2023-08-29,50.99283218383789,51.08647238414968,50.68636389932866,50.77149253504821,2141387
2023-08-30,50.975807189941406,51.665357601342194,50.975807189941406,51.07796220506572,2336342
2023-08-31,50.831085205078125,51.63982026564224,50.745956566050076,51.05242486247011,7896015
2023-09-01,50.72893142700195,51.375917542775944,50.6267764081849,51.086475616586384,2127581
2023-09-04,50.601234436035156,51.34186724150111,50.44800028645251,50.99283462244051,1659669
2023-09-05,50.55867004394531,51.05242524688423,49.80952567454981,50.2947693125016,2000571
2023-09-06,49.88614273071289,50.311792423799005,49.25618300351712,50.11599395467332,2923414
2023-09-07,49.86060333251953,50.192609563841124,49.46049159351692,49.562649855038444,2284877
2023-09-08,49.741424560546875,50.269229283067716,48.93268947522412,49.96276097726545,2162431
2023-09-11,50.660823822021484,50.89918985267408,50.00532616821261,50.05640205178509,3147534
2023-09-12,50.96729278564453,51.00985710499959,50.57569585165894,50.82257345034745,2550025
2023-09-13,50.984317779541016,51.41848226855107,50.82257207140061,51.05242328662075,2191422
2023-09-14,52.18464660644531,52.40598624372062,50.75446351810173,51.05242022251863,3850193
2023-09-15,52.320858001708984,52.984873712240336,52.19316504589671,52.354910755572,8094602
2023-09-18,51.171607971191406,52.35491362956859,50.805548965692765,52.18465309835651,3667191
2023-09-19,52.02290725708008,52.031418822268314,50.967294564015,51.00134731966699,2620758
2023-09-20,52.840152740478516,53.37647226407358,52.06547042748541,52.23573095453378,3583372
2023-09-21,52.482608795166016,52.71245677316021,51.96331564665807,52.32937464487024,2590604
2023-09-22,51.70792770385742,52.1420889750165,51.40145939600418,52.08249827598387,2669268
2023-09-25,51.43550491333008,52.43152683656782,51.13755144128634,51.5717159262064,2766032
2023-09-26,51.27376174926758,51.56320367108399,50.73744222554465,51.25673537181374,2252126
2023-09-27,51.171607971191406,51.68238631737812,50.83960172142509,51.112017272384605,2797880
2023-09-28,51.47807312011719,51.63130726406342,50.85662497964604,51.08647294811607,2239087
2023-09-29,51.44402313232422,51.85264645566707,51.1375548279547,51.358894491088016,2830079
2023-10-02,50.81406021118164,51.86115808749078,50.601235360368,51.648333236677146,2061569
2023-10-03,50.05640411376953,50.89067713679658,49.92871115212888,50.38841036046454,2670595
2023-10-04,49.920196533203125,50.218153273086166,49.40090337714795,49.7499360029056,2668329
2023-10-05,50.39692306518555,50.6012330942451,49.78398648310815,50.15855703468358,2472235
2023-10-06,51.060935974121094,51.171605801834666,50.473540576163316,50.626774723013064,1990871
2023-10-09,50.252201080322266,50.70339195745687,49.92019484357659,50.70339195745687,1872289
2023-10-10,50.93324661254883,51.19714735829389,50.71190694149533,50.71190694149533,3160128
2023-10-11,51.28227615356445,51.49510099886943,50.601234050628996,50.814058895933975,2218506
2023-10-12,50.601234436035156,51.57171846587509,50.3203073267666,51.50361295608304,2667375
2023-10-13,49.06889724731445,50.3969254898934,48.61770960127171,50.209638581370214,4694932
2023-10-16,49.230648040771484,49.596703811327366,48.79648350897441,49.2136216623236,2702406
2023-10-17,49.10294723510742,49.50305897259905,48.719861874471746,48.966739467709104,2171922
2023-10-18,48.787967681884766,49.40941582742634,48.67729785536523,49.10294753703338,2468130
2023-10-19,48.27718734741211,48.60919358799392,47.47696709453672,48.52406494846762,3220816
2023-10-20,47.298194885253906,47.88559029040103,47.2130629984902,47.67276544466592,3689118
2023-10-23,47.7834358215332,47.97923429216026,47.051317824219346,47.50250546316648,2807822
2023-10-24,47.59614944458008,47.817485860262565,47.264143197331606,47.78343635223799,2569012
2023-10-25,47.82600021362305,47.936670044126366,47.051317894998725,47.4429148368419,2730173
2023-10-26,46.58310317993164,46.76187527060147,44.96563305662035,46.744848893283,5750038
2023-10-27,46.54053497314453,47.18752431255503,46.42135358100296,47.14495999356866,3093023
2023-10-30,45.73180389404297,46.480945012921005,45.4678999162306,46.480945012921005,3759647
2023-10-31,46.217044830322266,46.600130206703305,45.757342378665015,45.757342378665015,3247176
2023-11-01,46.31068801879883,46.82997791776279,46.07232198182825,46.35325233872054,2717312
2023-11-02,47.298194885253906,47.749382519028536,46.600129651038685,46.60864121599034,3304816
2023-11-03,48.217594146728516,48.52406242903007,47.53655532353023,47.67276308816989,3397647
2023-11-06,48.36231994628906,48.532577227847895,48.183544604733115,48.48150134236004,2526854
2023-11-07,47.63020324707031,48.50704061138078,47.579124112736366,48.02180020128183,2976344
2023-11-08,47.757896423339844,48.0558531704337,47.11942185485964,47.15347461123315,2226445
2023-11-09,47.74938201904297,47.90261616616368,47.306705954855275,47.706817699831525,2075065
2023-11-10,47.34075927734375,47.66425395264192,46.93213596260105,47.58763687816208,2489497
2023-11-13,47.49399185180664,47.80897170424865,47.23860269449017,47.528044605435326,1629208
2023-11-14,47.681278228759766,47.75789530508137,46.56607808696132,47.50250613315918,3144007
2023-11-15,47.98774719238281,48.158007725149886,47.65574093958428,47.81748665961574,1773206
2023-11-16,47.74938201904297,48.217596025267646,47.689791322657065,48.098414632495846,1746207
2023-11-17,48.294212341308594,48.47298442766217,47.86856266097189,47.88558903787928,2600953
2023-11-20,48.35380554199219,48.85607232071014,48.08138999225867,48.60919471393617,1565294
2023-11-21,48.064361572265625,48.21759571841116,47.732355338100085,48.09841432639782,1393885
2023-11-22,48.16651916503906,48.32826487374433,47.979232267365035,48.20908348338789,976809
2023-11-23,48.43893814086914,48.532578348909716,48.12395501832059,48.17503415243782,1119936
2023-11-24,48.54960250854492,48.75391578822846,48.387856795738784,48.447447492427855,1275412
2023-11-27,48.030311584472656,48.58365750491848,47.95369775443663,48.57514593961989,1421699
2023-11-28,48.081390380859375,48.081390380859375,47.6472291097906,47.80046326368536,1237697
2023-11-29,48.45595932006836,48.63473465855433,47.68127701146057,47.75789408582615,1440565
2023-11-30,49.1795654296875,49.34982595468368,48.70283660918809,48.80499487265544,3361523
2023-12-01,49.20510482788086,49.57967864344651,49.00079478979914,49.426444491160474,1337401
2023-12-04,49.775474548339844,49.83506524366004,49.32428367990921,49.37536281051909,1595873
2023-12-05,50.87364959716797,50.95026667138228,49.42644324693009,49.613726902548855,3181718
2023-12-06,51.63982009887695,51.89520926258576,50.6948772704499,50.93324330436761,2813151
2023-12-07,52.02290725708008,52.15060021960076,51.1120171518112,51.37591788949033,2523276
2023-12-08,52.65286636352539,52.69543393130107,51.85264610006468,52.10803526947134,2699114
2023-12-11,52.082496643066406,52.71245636950322,52.082496643066406,52.627327729968336,2198940
2023-12-12,51.77602767944336,52.26126806294511,51.71643698304486,52.24424168576706,1848851
2023-12-13,51.34186553955078,51.86967023314494,51.29078640889999,51.529149190371676,2044571
2023-12-14,53.52970504760742,53.90427559959533,52.18465049044515,52.193165302677464,4771017
2023-12-15,53.70847702026367,54.46613293485192,53.42754667128635,53.85319635341003,9283183
2023-12-18,53.11256790161133,53.88725020901572,52.874205113932874,53.512679650171094,1563237
2023-12-19,53.027435302734375,53.316877200780326,52.925277046401085,53.07851118345184,1836408
2023-12-20,53.51268005371094,53.81914835300827,53.14662105704462,53.31688158414863,2125843
2023-12-21,53.52970504760742,53.52970504760742,52.857177769026286,53.29133901684297,1458810
2023-12-22,53.6403694152832,53.946837694022804,53.546729216734306,53.631857850851205,1279974
2023-12-27,53.62335205078125,54.09156608365436,53.436065138652175,53.71699225939621,1184940
2023-12-28,53.16364669799805,53.83617398464485,53.070003247015656,53.73401572132802,856379
2023-12-29,53.2828254699707,53.50416186803694,53.138102894449155,53.138102894449155,764511
2024-01-02,53.938331604003906,54.32992855660511,53.461602761196204,53.57227259473987,1453297
2024-01-03,52.499629974365234,54.27033420200638,52.286805134357365,54.18520556498297,2161179
2024-01-04,53.55524444580078,53.55524444580078,52.44004107684352,52.652865924147996,2020844
2024-01-05,53.631858825683594,53.89576279216156,52.780559479244175,53.07000138693155,1708603
2024-01-08,53.751041412353516,53.84468486214044,53.17215758407922,53.63186002078811,1121894
2024-01-09,53.3168830871582,53.72550641525731,53.00189996652906,53.72550641525731,1334945
2024-01-10,53.1466178894043,53.48713892331662,52.87420236125414,52.98487218439303,1448019
2024-01-11,51.759002685546875,53.55524493271984,51.418484875233425,53.46160147946256,2383953
2024-01-12,51.784542083740234,52.465580928249565,51.48658535664596,51.9037234755982,1827811
2024-01-15,52.03141403198242,52.25275367589315,51.903721081217824,51.95479696254397,1328875
2024-01-16,51.71643829345703,51.88669882210234,51.282277030488494,51.46104912421381,1726074
2024-01-17,51.28227615356445,51.324840473135566,50.56718454344176,51.07796287319393,1829354
2024-01-18,51.63982009887695,51.99736752602881,51.1716060908359,51.2822759191745,1662660
2024-01-19,51.59725570678711,52.09952246860136,51.53766501025402,51.8952091894526,1550707
2024-01-22,52.38045120239258,52.90825917016417,52.30383412626118,52.40599239273604,1657658
2024-01-23,52.07398223876953,52.66989246253246,51.82710788320372,52.53368468973946,1379736
2024-01-24,52.77204895019531,52.925279847907895,52.516656543292534,52.516656543292534,2228528
2024-01-25,52.51665496826172,52.71245342621879,52.19316355813226,52.491117027317095,1315686
2024-01-26,53.248775482177734,53.384983252856365,52.43152885810594,52.780561473435526,2078747
2024-01-29,52.814613342285156,53.52119012600357,52.652864384695285,53.333906474117015,1483122
2024-01-30,52.95082092285156,53.16364576317858,52.635841068453395,52.908256604276026,1746594
2024-01-31,53.248775482177734,53.77658018762625,52.91676924411416,53.163646843297116,2628768
2024-02-01,48.34529495239258,50.21815433019048,48.013288697420826,48.5240670516159,9865002
2024-02-02,47.72384262084961,49.33279786907508,47.55358210174945,48.8220163117746,5384986
2024-02-05,47.757896423339844,48.71986568246925,47.545071567179775,48.48150288275384,3623657
2024-02-06,46.88957214355469,47.877079309922934,46.881057331049654,47.77492104455936,3989882
2024-02-07,46.651206970214844,47.45994205836752,46.55756351561986,46.88957301303376,3496049
2024-02-08,46.42987060546875,46.97470170833176,46.16596661926032,46.90659619674911,2920886
2024-02-09,45.493438720703125,46.41284363054489,45.18697366487203,46.11488689237788,4901434
2024-02-12,46.11488723754883,46.25109825998151,45.79139580161974,45.97016789738837,3202069
2024-02-13,45.82544708251953,46.55756181983794,45.706262441726416,46.13191213078218,2452307
2024-02-14,45.902061462402344,46.25960889419354,45.47641176821486,45.54451727806059,2374115
2024-02-15,45.97867965698242,46.18299294404585,45.57005633030508,46.05529673370002,2517763
2024-02-16,46.29365921020508,46.702282505403424,46.15745144513896,46.42135216326434,2901560
2024-02-19,46.625667572021484,46.82997760526209,46.25109701278077,46.39581634903874,2292612
2024-02-20,47.24711227416992,47.30670296679186,46.455403646536546,46.47243002263556,3168091
2024-02-21,47.5876350402832,47.77491868931798,47.238602436121525,47.247114000757485,2638341
2024-02-22,47.860050201416016,48.379343321309605,47.60465780002953,48.038822284427134,2618808
2024-02-23,48.00476837158203,48.31974821224721,47.749379223814344,48.14949094536822,2247149
2024-02-26,47.11090850830078,48.05585135351661,47.051317810624965,47.97071946580153,2763767
2024-02-27,47.33224105834961,47.3407558701509,46.898079832510746,46.90659139686284,2130501
2024-02-28,47.204551696777344,47.689792087963426,46.93213615251321,47.221578074225036,2386211
2024-02-29,47.144962310791016,47.50250650478938,47.02578091279156,47.3237344077902,3837416
2024-03-01,47.80046081542969,48.04733516410495,47.144959912331196,47.27265286907025,2517235
2024-03-04,48.7539176940918,48.88161065736748,47.817486392822396,47.826001205510494,3111764
2024-03-05,48.72837448120117,48.92417293500892,48.23461931707357,48.524061215626155,1968996
2024-03-06,48.7539176940918,49.23064653368983,48.7113533729999,48.73689131616513,2614268
2024-03-07,49.707366943359375,49.869115893074024,48.60919003745663,48.63473122540848,3758442
2024-03-08,50.16707229614258,50.38840870418068,49.73290779746678,49.792501741212945,2857525
2024-03-11,50.269229888916016,50.490569555751705,49.90317088006815,49.93722363611204,2759877
2024-03-12,50.831085205078125,51.18011782101219,50.31179206363855,50.584207605467604,4012391
2024-03-13,51.886695861816406,52.5932726313254,51.61428033050579,51.82710516730779,4745114
2024-03-14,51.29079055786133,52.16762792987409,51.20566191400654,51.73346665029533,3209386
2024-03-15,52.1080322265625,52.448553264185904,51.36740270429828,51.46104615201718,8949165
2024-03-18,52.2357292175293,52.62732614350409,52.116547826793436,52.1676237099949,2282031
2024-03-19,52.78056335449219,53.07000528343093,52.40599278363891,52.40599278363891,2947725
2024-03-20,52.720970153808594,52.925280183687825,52.312346846600754,52.6784058348712,2885055
2024-03-21,53.32538986206055,53.64888451887233,52.85717587697331,53.112565028161875,3666581
2024-03-22,53.46160125732422,54.15966650013316,53.41903693714308,53.759557993491114,2715480
2024-03-25,53.19770050048828,53.79360747766276,53.19770050048828,53.393498971195534,2176630
2024-03-26,54.74706268310547,54.82368300693924,53.84468739174587,53.84468739174587,3717066
2024-03-27,55.05352783203125,55.63241165430978,54.517211575541786,54.747059544066225,2891033
2024-03-28,56.06657791137695,56.12616860842012,55.24933128268535,55.26635441259817,3467964
2024-04-02,55.6920051574707,56.696538708693915,55.48769512015891,56.01550308602161,2995647
2024-04-03,56.63694763183594,56.943415933203994,55.58133820206757,55.67498165497998,3081188
2024-04-04,57.17326736450195,57.54783466132198,56.866799079441,56.866799079441,2583051
2024-04-05,56.65397644042969,56.764643021868224,56.10914535582654,56.381560898128114,2913205
2024-04-08,57.02854537963867,57.30096092971623,56.58587254634977,56.62843361970309,1847356
2024-04-09,56.7305908203125,57.36906536270338,56.62843255536635,56.96044529271661,2233616
2024-04-10,56.80720901489258,57.48824460432697,56.28791588694082,57.096647679049994,2452350
2024-04-11,55.76862335205078,57.164753794371656,55.16420158085444,56.62843103641388,3214765
2024-04-12,55.640926361083984,56.56033122323805,55.419586710217565,56.17724261655787,2351756
2024-04-15,55.989959716796875,56.68802497792433,55.61539239039375,55.640930333682704,2592068
2024-04-16,54.338443756103516,55.09609972336137,54.16818322192826,54.874760054698655,3485230
2024-04-17,54.61085891723633,55.317438992351214,54.34695492879892,54.41505719350723,2277500
2024-04-18,55.72605514526367,55.802675464762196,55.036504744270296,55.31743509093377,2716710
2024-04-19,55.70051574707031,55.95590814552156,54.83219328315332,55.14716988035825,2722009
2024-04-22,56.71356964111328,56.84977417082776,55.97293680829985,56.270890306018195,2691459
2024-04-23,57.93092346191406,58.109695546323884,56.8667992726423,56.8667992726423,3112172
2024-04-24,57.658512115478516,58.2969866753972,57.352043807125625,57.692558376496315,3367663
2024-04-25,58.194828033447266,59.2078764070386,57.530815534585365,58.46724358413161,3638561
2024-04-26,57.045570373535156,58.80775974079152,56.798692786492666,58.70560148221922,3211049
2024-04-29,57.649993896484375,58.118204649154066,57.38609317234512,57.54783563476981,2454535
2024-04-30,57.55635452270508,58.30549567696468,57.326500041295304,58.14375320308654,2349914
2024-05-02,57.42013931274414,57.86281861769416,57.07110995201305,57.5563503280822,1771056
2024-05-03,57.58189010620117,58.152259137598136,57.30947456173554,57.88835840558737,1775234
2024-05-06,58.08415603637695,58.19482261090912,57.37757603500634,57.60742399592651,1067014
2024-05-07,59.25043487548828,59.36961626774157,58.47575582584187,58.47575582584187,2449417
2024-05-08,59.539878845214844,59.693112988597186,58.84181363533943,59.275971629173874,2043377
2024-05-09,60.110252380371094,60.23794859195702,59.522853704015304,59.582444403435524,1688075
2024-05-10,60.61251449584961,61.06370863217877,60.2719999328148,60.2719999328148,2520057
2024-05-13,60.97856903076172,61.43827145107121,60.58697211603107,60.86790245536995,1870517
2024-05-14,60.88492965698242,61.20842758267188,60.45077164339751,60.75723994410387,1763827
2024-05-15,61.08073043823242,61.32760803751,60.85088246367678,61.0126249291423,1803259
2024-05-16,60.9615478515625,61.19991063381359,60.64656474936002,61.021138547125275,1340519
2024-05-17,61.557456970214844,61.557456970214844,61.02965550379816,61.11478414403644,2796769
2024-05-20,62.059722900390625,62.212957040683875,61.54042978578008,61.59150566757833,2085075
2024-05-21,62.096065521240234,62.24145033860045,60.93301471167709,62.059726249229826,4197847
2024-05-22,61.35098648071289,62.03246222342917,61.287382355352555,61.905253972708515,1611847
2024-05-23,60.96027374267578,61.632668136724774,60.75129172932443,61.432767475376686,1593552
2024-05-24,61.069313049316406,61.15109374458036,60.17885527982803,60.46052970637417,1333372
2024-05-27,60.93301773071289,61.151094967558244,60.7058591415798,61.11474876141735,962501
2024-05-28,61.5963249206543,61.5963249206543,60.97845327029181,61.014799477057856,1390311
2024-05-29,60.81489944458008,61.85074208513347,60.47870222771163,61.72353382628166,1873775
2024-05-30,61.5963249206543,61.5963249206543,60.31514712838924,60.36058161992932,1654206
2024-05-31,61.51454162597656,61.99612364605269,61.214697564390065,61.79622298344181,3289110
2024-06-03,61.841651916503906,62.38683807478208,61.70536230926434,62.241453250619905,1415332
2024-06-04,60.72403335571289,61.59632147227378,60.260627910801574,61.55997526754253,2450741
2024-06-05,60.178855895996094,60.96027505724339,60.0062131515944,60.82398545095777,1613978
2024-06-06,60.74220275878906,61.023884111292766,59.679102270716506,60.50595589510749,2181388
2024-06-07,60.30606460571289,60.97845208701178,60.024383241824594,60.742205213781915,2120025
2024-06-10,57.434776306152344,57.86183555889221,54.97237805491112,55.426695228918646,7509856
2024-06-11,55.19953918457031,57.92544235417873,54.85425714589368,57.83458030165783,6746748
2024-06-12,56.171775817871094,56.41710751083604,55.24496835539187,55.24496835539187,4627597
2024-06-13,54.518062591552734,56.11725756912565,53.59125511155653,55.99004931099844,5973973
2024-06-14,53.073333740234375,54.399939096732886,52.11926833908586,54.309077045638766,8617206
2024-06-17,53.73663330078125,54.14551943931208,52.791652773102186,53.38226646944282,4341390
2024-06-18,54.02739715576172,54.627095682971884,53.3459213991063,54.33633297075877,2718136
2024-06-19,53.34592056274414,54.42719763136393,53.22780059574785,54.42719763136393,2947548
2024-06-20,54.618011474609375,54.82699695971109,53.45496061276854,53.59125368592271,2735541
2024-06-21,53.909278869628906,54.95420631608444,53.3550113489953,54.51806223415104,6377244
2024-06-24,55.672027587890625,55.80832066203188,53.97288230720827,53.97288230720827,3799351
2024-06-25,55.02689743041992,55.890097289150276,54.71796161307312,55.80832005908304,3411239
2024-06-26,54.74522018432617,55.68111246585637,54.48171538807387,55.20862218276554,3252961
2024-06-27,54.53623580932617,55.135934360443564,54.13643793063627,54.92694886934441,3437993
2024-06-28,54.09100341796875,54.84517161553493,53.77298277210655,54.81791369336534,4476230
2024-07-01,56.03547668457031,57.20761578577605,55.390347151161826,57.15309994508312,4655869
2024-07-02,55.63568115234375,55.853754922701945,54.908774361424754,55.617508049300156,2578874
2024-07-03,56.998634338378906,57.40752050330718,55.926445490862584,56.1081730604046,3555561
2024-07-04,58.07990646362305,58.60691605469579,57.54381552025353,57.69828169725865,2798016
2024-07-05,57.84366226196289,58.24346012592906,57.39842990781641,58.225290489254874,2358461
2024-07-08,56.825992584228516,58.31615235061834,56.825992584228516,57.24396354969591,3007412
2024-07-09,55.490299224853516,56.63518044169932,55.00872413071636,56.44436459478172,3863035
2024-07-10,55.990047454833984,56.280810168389785,55.244967568076625,55.75380404988176,1924593
2024-07-11,56.3535041809082,56.75330205686476,55.99004904555493,56.33533107752403,1692308
2024-07-12,56.735130310058594,56.99863511618206,56.39893655482547,56.54431791920994,1800462
2024-07-15,57.007720947265625,57.116756099319254,56.01730936185226,56.38076102408603,1580214
2024-07-16,56.85325241088867,57.00772205662183,56.29898488906891,56.66244002454041,1353639
2024-07-17,57.27122116088867,57.58015697416355,56.535229566149184,56.67152263702153,1890688
2024-07-18,57.83457946777344,57.90726841550907,57.28031194335831,57.59833258876122,2131235
2024-07-19,57.28939437866211,57.46203712141147,56.935027541051205,57.28939437866211,2758555
2024-07-22,58.63417053222656,58.68868637212507,57.40751560820296,57.60741626427028,2579090
2024-07-23,58.77956008911133,59.097580734717766,58.31615461561043,58.63417526121687,2555763
2024-07-24,58.22529220581055,58.92493762183654,57.153103369846605,58.87951006264686,2674629
2024-07-25,58.66143035888672,58.74321105372224,56.98045822819221,57.74371120706302,2229646
2024-07-26,58.5705680847168,59.08848937556602,58.443359833092764,58.661430131258285,1721058
2024-07-29,58.07081985473633,59.1702700276227,57.53472546173054,59.106665901856324,1857337
2024-07-30,58.37066650390625,58.82498366179042,57.90726452797692,57.98904175504266,1455532
2024-07-31,57.66193389892578,58.49787582092681,57.29848224568551,58.40701377415797,2630196
2024-08-01,55.84466552734375,57.25304805664243,55.59024902212371,57.23487842012521,3792758
2024-08-02,54.20912170410156,55.5720731416497,53.74571974044768,55.56298832384521,4648756
2024-08-05,53.2459716796875,53.391353037467255,50.73814239144542,51.57408433213779,4847967
2024-08-06,52.54632568359375,54.20003990943213,52.20104366296317,54.172778522168564,3470163
2024-08-07,54.02739715576172,54.57257984078502,53.06424697136763,53.48221793690336,3846128
2024-08-08,53.991050720214844,54.154605178408666,53.10967776902027,53.763892135630634,1704485
2024-08-09,53.836585998535156,54.75430517989547,53.59125430462734,54.309076283154084,1725418
2024-08-12,53.836585998535156,54.32724938635078,53.70937774232333,54.20912594865479,1361369
2024-08-13,53.854759216308594,54.254557088991334,53.56399649687296,54.254557088991334,1408935
2024-08-14,54.29090118408203,54.32724738913923,53.963792270896995,54.29090118408203,1798601
2024-08-15,54.94511795043945,55.33583098185443,54.163691887609495,54.45445459012788,1901263
2024-08-16,55.535728454589844,55.690198090802326,55.0178071714721,55.090499580552056,1845643
2024-08-19,55.75380325317383,56.20812041988331,55.59024879586522,55.681110842741155,1402256
2024-08-20,55.34491729736328,56.017308231483355,55.090500792317,55.89918479721261,1388031
2024-08-21,55.590248107910156,55.799233586070436,55.126842662548995,55.25405437923187,1415680
2024-08-22,55.499385833740234,55.917356788340555,55.32674309489217,55.57207477680927,1219696
2024-08-23,55.80832290649414,55.98096565998064,55.453956046844176,55.83558429535078,1539381
2024-08-26,55.8355827331543,56.10817235093799,55.5629931153706,55.88101375842407,824515
2024-08-27,56.32624435424805,56.51705673408194,55.78106166965344,55.78106166965344,1394488
2024-08-28,56.226295471191406,56.58974713745661,55.9082713637737,56.48979680273005,1194154
2024-08-29,56.435279846191406,56.862339098449915,56.15360195080484,56.15360195080484,1482081
2024-08-30,56.86233901977539,57.0258900131357,56.54431491906962,56.87142383812015,2283144
2024-09-02,56.726043701171875,57.0531526272559,56.18086446847519,56.807820932692884,868046
2024-09-03,56.0445671081543,57.14401384218491,55.562992010771374,56.84416630843337,2131707
2024-09-04,56.26263427734375,56.435277012950344,55.00872143708572,55.16318760456027,1702441
2024-09-05,57.7982292175293,58.007214693626565,55.91735646648902,55.95370267089676,2748287
2024-09-06,56.49888229370117,57.789141364314816,56.23537750902717,57.50746694346627,2823213
2024-09-09,56.85325241088867,57.25305028697528,56.4080235094094,56.51705866358482,1689491
2024-09-10,56.49888229370117,57.4438628183608,56.28989681604536,56.79872981688912,1531845
2024-09-11,56.88959884643555,57.29848500894395,56.117257546994104,56.89868366508459,1731219
2024-09-12,57.671024322509766,58.06173737720544,57.06223749484894,57.50746985932716,2425097
2024-09-13,57.58015441894531,58.13442189459176,57.55289649921344,57.58924270296578,1562486
2024-09-16,57.507469177246094,57.62558914779307,56.99863269047259,57.24396438233669,1078696
2024-09-17,58.56148147583008,58.64326217268804,57.87092089032888,57.87092089032888,2197849
2024-09-18,58.28889846801758,58.643265331386026,58.14351710186219,58.24346397483481,1495272
2024-09-19,59.2156982421875,59.24295616320006,58.77046935687936,59.06123206822976,2272187
2024-09-20,58.861331939697266,59.60641182757964,58.62508506822337,59.33382568264507,4555256
2024-09-23,56.70787048339844,58.92493708236304,55.890098169839966,58.879509523589256,3820413
2024-09-24,57.080406188964844,57.71645088930351,56.96228275997622,57.144010312382235,1969233
2024-09-25,56.617008209228516,56.935028848705265,55.953705542487704,56.53523097819663,1645527
2024-09-26,57.4620361328125,57.95269603312805,57.098581017012584,57.15310032423203,2172542
2024-09-27,57.51655578613281,57.86183782241195,57.07132687924073,57.225793060686726,2468619
2024-09-30,55.92644119262695,56.780559663981506,55.66293641035098,56.75329827763807,3401241
2024-10-01,55.55390167236328,56.36258566115252,54.990549365481705,56.0354767519423,3016067
2024-10-02,55.390350341796875,55.94461786186791,55.09050280221921,55.43578136704621,1856508
2024-10-03,54.59983825683594,55.19953678948248,54.21821002724361,55.13593266224459,2721746
2024-10-04,55.29948806762695,55.771978353872065,54.56349298337042,54.62709711169524,3156894
2024-10-07,56.162689208984375,56.162689208984375,55.22679349169456,55.89009613693663,2118029
2024-10-08,56.244468688964844,56.47162728065507,55.526646707344135,55.57207773244917,1697615
2024-10-09,56.42618942260742,56.4625356269888,55.8446640171647,56.2898963554245,1933761
2024-10-10,56.26263427734375,56.744212814064234,56.22629153957401,56.435277012950344,1495515
2024-10-11,56.480709075927734,56.79872970080512,56.108169144143574,56.20811947372356,1447840
2024-10-14,57.17127227783203,57.17127227783203,56.444365482932916,56.635181332853,1498110
2024-10-15,57.889095306396484,57.97996082376352,56.9168568006422,57.28939675643436,2926156
2024-10-16,58.5887451171875,58.5887451171875,57.443863911178994,57.67102249549569,2547930
2024-10-17,59.61549758911133,59.92442992676211,58.58874331521771,58.63417087128596,3538311
2024-10-18,60.21519470214844,60.62408431482187,59.31564864599468,59.35199485149875,3181758
2024-10-21,59.788143157958984,60.251541686382986,59.13392531508985,59.94260933410032,1753455
2024-10-22,59.69727325439453,59.83356979160783,58.91584716885684,59.570065001616754,1314922
2024-10-23,59.27022171020508,59.78814301249472,59.1702713771027,59.53371957129688,1702979
2024-10-24,59.361083984375,59.906263210068346,59.30656120917469,59.35199569978662,1747989
2024-10-25,59.361083984375,59.88809357322155,59.133925395975275,59.20661780802238,1462627
2024-10-28,59.988037109375,60.078906090803365,59.324737911859856,59.7245392466887,1879445
2024-10-29,59.91535186767578,60.869413785496405,59.74270912107157,60.51504693997303,2294320
2024-10-30,59.51554870605469,59.84265761994153,58.87041916264726,59.52463699042094,2065998
2024-10-31,57.016807556152344,57.11675789290891,55.063242245451605,56.14451938000159,7008244
2024-11-01,57.280311584472656,57.625590149842466,56.653351650085,56.8532523208944,3008056
2024-11-04,57.1258430480957,57.64376437237104,56.94411547711933,57.234881670380595,1950835
2024-11-05,57.007720947265625,57.20761814833645,56.353503102613864,57.05315197177423,2153744
2024-11-06,55.490299224853516,58.13442503268222,54.94512000379881,57.75280027117692,5045283
2024-11-07,53.65485763549805,55.726546308993306,53.65485763549805,55.39034910409745,5322315
2024-11-08,54.29998779296875,54.31816089609666,53.454961027593306,53.84567061326592,4731196
2024-11-11,55.37217330932617,55.37217330932617,54.46353900415477,54.52714312822358,3062744
2024-11-12,53.954708099365234,54.86334243969597,53.673030206043336,54.67252659394117,3871602
2024-11-13,53.71846008300781,54.372677903252026,53.146022956458985,53.745721469627895,2782805
2024-11-14,54.0364875793457,54.44537027659319,53.727551752119,53.95471034666319,2110841
2024-11-15,54.618011474609375,54.881516268671746,53.76389296505065,53.81841227401131,2304077
2024-11-18,54.89968490600586,55.05415454549967,54.545318069625544,54.75430355092253,1536817
2024-11-19,53.8911018371582,55.254053293641235,53.082414394733185,54.7724747553585,3298668
2024-11-20,53.146026611328125,54.16369615023191,52.909779730586564,54.09100373579909,3040698
2024-11-21,52.900691986083984,53.26414363965135,52.58266788977702,53.00064231731861,3475100
2024-11-22,51.71946716308594,53.3913545582574,51.001648638319956,53.24597319633662,5607002
2024-11-25,51.77398681640625,52.13744195669711,51.210634468504,52.073837827070975,4787044
2024-11-26,51.15611267089844,51.66494914933795,50.90169616476115,51.33784023221004,2952549
2024-11-27,50.54732894897461,50.65636409848104,49.638694615369566,50.61093307503377,4618436
2024-11-28,51.0107307434082,51.23788932596073,50.474636349937654,50.774487342666134,2383392
2024-11-29,51.465049743652344,51.72855454068889,50.474638149760686,50.52006917465819,3399190
2024-12-02,50.82900619506836,51.59225921630391,50.26565384749322,50.52007036585004,4192383
2024-12-03,50.68362045288086,51.7103781886476,50.447377058557485,51.09250658359902,3632470
2024-12-04,51.33784103393555,51.62860375010889,50.7017962924945,50.72905768012418,2626120
2024-12-05,52.67353439331055,52.782569544814656,51.14702840759314,51.21063253481762,3646351
2024-12-06,53.218711853027344,53.700286933526264,52.6008402380422,52.66444436315848,3758878
2024-12-09,54.57258224487305,54.76339463326284,53.78206783668945,53.78206783668945,3643529
2024-12-10,54.2454719543457,54.6270967215692,54.0364864676045,54.39993813169855,3017820
2024-12-11,54.14552307128906,54.49988992639774,53.954710682563636,54.14552307128906,1806949
2024-12-12,53.53673553466797,54.45445819144361,53.33683832981951,54.31816164917711,3064965
2024-12-13,53.55490493774414,53.927444865878705,53.40043876893546,53.61850906209652,2159456
2024-12-16,53.44586944580078,53.87292867754839,53.109675724087126,53.28231499390445,1775368
2024-12-17,52.92795181274414,53.464046227262315,52.92795181274414,53.218714532533824,3075365
2024-12-18,53.273231506347656,53.80023761304607,52.9188646737778,52.99155361745539,2891991
2024-12-19,52.52815246582031,52.782568971957,51.992058066343056,52.31916698347019,2800740
2024-12-20,52.228302001953125,52.33733715338496,51.428702803734765,52.11926685052129,4839471
2024-12-23,52.19195556640625,52.27373279616149,51.80124252048288,52.26464797781755,1395481
2024-12-24,52.28282165527344,52.61901539633319,52.28282165527344,52.5372381656792,479686
2024-12-27,53.19145584106445,53.30957581128139,52.6099304098996,52.6099304098996,2338135
2024-12-30,53.36409378051758,53.90927645817113,53.082415890421665,53.1278503798498,1667203
2024-12-31,53.809329986572266,53.97288445498219,53.146027294094296,53.19145832061591,796685
